Fecha;Último;Apertura;Máximo;Mínimo;Vol.;% var.
2/01/2018;2.260,00;2.200,00;2.265,00;2.175,00;13,14M;2,26%
3/01/2018;2.350,00;2.270,00;2.350,00;2.255,00;14,14M;3,98%
4/01/2018;2.460,00;2.350,00;2.460,00;2.340,00;24,57M;4,68%
5/01/2018;2.500,00;2.460,00;2.510,00;2.400,00;20,33M;1,63%
9/01/2018;2.555,00;2.500,00;2.555,00;2.460,00;26,20M;2,20%
10/01/2018;2.535,00;2.560,00;2.625,00;2.535,00;32,01M;-0,78%
11/01/2018;2.425,00;2.535,00;2.545,00;2.420,00;34,65M;-4,34%
12/01/2018;2.375,00;2.420,00;2.420,00;2.335,00;27,09M;-2,06%
15/01/2018;2.335,00;2.345,00;2.355,00;2.315,00;2,95M;-1,68%
16/01/2018;2.420,00;2.320,00;2.440,00;2.315,00;32,13M;3,64%
17/01/2018;2.465,00;2.420,00;2.490,00;2.410,00;26,87M;1,86%
18/01/2018;2.475,00;2.445,00;2.485,00;2.425,00;17,18M;0,41%
19/01/2018;2.465,00;2.475,00;2.475,00;2.440,00;14,97M;-0,40%
22/01/2018;2.590,00;2.465,00;2.605,00;2.465,00;28,05M;5,07%
23/01/2018;2.705,00;2.595,00;2.705,00;2.595,00;26,58M;4,44%
24/01/2018;2.800,00;2.700,00;2.850,00;2.700,00;30,95M;3,51%
25/01/2018;2.745,00;2.810,00;2.860,00;2.690,00;33,40M;-1,96%
26/01/2018;2.760,00;2.740,00;2.785,00;2.725,00;12,04M;0,55%
29/01/2018;2.775,00;2.740,00;2.775,00;2.720,00;15,12M;0,54%
30/01/2018;2.700,00;2.745,00;2.770,00;2.680,00;14,50M;-2,70%
31/01/2018;2.660,00;2.700,00;2.730,00;2.655,00;25,36M;-1,48%
1/02/2018;2.770,00;2.655,00;2.770,00;2.655,00;25,62M;4,14%
2/02/2018;2.665,00;2.755,00;2.755,00;2.650,00;14,51M;-3,79%
5/02/2018;2.485,00;2.650,00;2.650,00;2.465,00;30,39M;-6,75%
6/02/2018;2.500,00;2.450,00;2.540,00;2.340,00;41,85M;0,60%
7/02/2018;2.430,00;2.510,00;2.520,00;2.420,00;26,25M;-2,80%
8/02/2018;2.335,00;2.420,00;2.445,00;2.335,00;27,94M;-3,91%
9/02/2018;2.445,00;2.325,00;2.480,00;2.315,00;37,45M;4,71%
12/02/2018;2.420,00;2.445,00;2.515,00;2.420,00;18,17M;-1,02%
13/02/2018;2.385,00;2.405,00;2.425,00;2.365,00;8,52M;-1,45%
14/02/2018;2.500,00;2.375,00;2.500,00;2.350,00;25,34M;4,82%
15/02/2018;2.490,00;2.455,00;2.545,00;2.455,00;19,78M;-0,40%
16/02/2018;2.485,00;2.485,00;2.535,00;2.455,00;16,52M;-0,20%
19/02/2018;2.480,00;2.480,00;2.495,00;2.475,00;2,26M;-0,20%
20/02/2018;2.485,00;2.490,00;2.520,00;2.465,00;17,64M;0,20%
21/02/2018;2.475,00;2.490,00;2.510,00;2.465,00;16,58M;-0,40%
22/02/2018;2.565,00;2.485,00;2.600,00;2.485,00;19,29M;3,64%
23/02/2018;2.625,00;2.570,00;2.630,00;2.570,00;16,84M;2,34%
26/02/2018;2.655,00;2.630,00;2.665,00;2.620,00;17,07M;1,14%
27/02/2018;2.630,00;2.665,00;2.675,00;2.620,00;20,94M;-0,94%
28/02/2018;2.510,00;2.665,00;2.735,00;2.505,00;31,37M;-4,56%
1/03/2018;2.480,00;2.500,00;2.520,00;2.435,00;20,28M;-1,20%
2/03/2018;2.480,00;2.445,00;2.510,00;2.440,00;8,13M;0,00%
5/03/2018;2.510,00;2.500,00;2.530,00;2.480,00;11,84M;1,21%
6/03/2018;2.505,00;2.510,00;2.535,00;2.505,00;14,06M;-0,20%
7/03/2018;2.450,00;2.500,00;2.505,00;2.450,00;11,80M;-2,20%
8/03/2018;2.475,00;2.450,00;2.475,00;2.415,00;10,04M;1,02%
9/03/2018;2.505,00;2.490,00;2.520,00;2.475,00;15,77M;1,21%
12/03/2018;2.480,00;2.505,00;2.530,00;2.465,00;9,26M;-1,00%
13/03/2018;2.505,00;2.480,00;2.520,00;2.480,00;16,55M;1,01%
14/03/2018;2.505,00;2.510,00;2.515,00;2.495,00;8,49M;0,00%
15/03/2018;2.535,00;2.500,00;2.555,00;2.500,00;18,24M;1,20%
16/03/2018;2.590,00;2.540,00;2.605,00;2.530,00;33,45M;2,17%
20/03/2018;2.670,00;2.600,00;2.680,00;2.600,00;19,75M;3,09%
21/03/2018;2.750,00;2.680,00;2.750,00;2.675,00;28,63M;3,00%
22/03/2018;2.620,00;2.715,00;2.735,00;2.615,00;22,94M;-4,73%
23/03/2018;2.700,00;2.630,00;2.730,00;2.630,00;24,12M;3,05%
26/03/2018;2.775,00;2.690,00;2.780,00;2.675,00;14,26M;2,78%
27/03/2018;2.645,00;2.780,00;2.810,00;2.635,00;16,07M;-4,68%
28/03/2018;2.615,00;2.605,00;2.640,00;2.580,00;11,98M;-1,13%
2/04/2018;2.690,00;2.645,00;2.750,00;2.645,00;17,64M;2,87%
3/04/2018;2.730,00;2.700,00;2.745,00;2.690,00;13,11M;1,49%
4/04/2018;2.740,00;2.710,00;2.765,00;2.665,00;16,78M;0,37%
5/04/2018;2.740,00;2.740,00;2.770,00;2.740,00;11,54M;0,00%
6/04/2018;2.730,00;2.735,00;2.750,00;2.690,00;8,84M;-0,36%
9/04/2018;2.745,00;2.740,00;2.790,00;2.725,00;14,31M;0,55%
10/04/2018;2.790,00;2.785,00;2.810,00;2.775,00;16,22M;1,64%
11/04/2018;2.980,00;2.780,00;2.990,00;2.780,00;28,63M;6,81%
12/04/2018;2.955,00;2.990,00;3.050,00;2.885,00;20,20M;-0,84%
13/04/2018;2.835,00;2.885,00;2.920,00;2.820,00;14,19M;-4,06%
16/04/2018;2.760,00;2.830,00;2.860,00;2.760,00;11,16M;-2,65%
17/04/2018;2.870,00;2.760,00;2.890,00;2.755,00;27,45M;3,99%
18/04/2018;2.935,00;2.880,00;3.020,00;2.880,00;36,42M;2,26%
19/04/2018;3.030,00;2.950,00;3.035,00;2.940,00;29,26M;3,24%
20/04/2018;3.030,00;3.000,00;3.045,00;2.980,00;17,86M;0,00%
23/04/2018;3.085,00;3.000,00;3.085,00;2.990,00;16,79M;1,82%
24/04/2018;3.060,00;3.095,00;3.145,00;3.030,00;26,20M;-0,81%
25/04/2018;3.045,00;3.060,00;3.080,00;2.945,00;20,32M;-0,49%
26/04/2018;3.010,00;3.065,00;3.090,00;3.010,00;16,65M;-1,15%
27/04/2018;3.070,00;3.000,00;3.070,00;3.000,00;7,17M;1,99%
30/04/2018;3.100,00;3.060,00;3.120,00;3.035,00;16,58M;0,98%
2/05/2018;3.105,00;3.060,00;3.135,00;3.055,00;12,94M;0,16%
3/05/2018;3.095,00;3.100,00;3.145,00;3.075,00;16,03M;-0,32%
4/05/2018;3.095,00;3.140,00;3.180,00;3.095,00;19,54M;0,00%
7/05/2018;3.030,00;3.120,00;3.150,00;3.020,00;8,97M;-2,10%
8/05/2018;3.085,00;3.045,00;3.095,00;2.955,00;27,49M;1,82%
9/05/2018;3.160,00;3.100,00;3.180,00;3.100,00;16,12M;2,43%
10/05/2018;3.100,00;3.165,00;3.170,00;3.095,00;16,11M;-1,90%
11/05/2018;3.135,00;3.100,00;3.155,00;3.085,00;10,27M;1,13%
15/05/2018;3.290,00;3.145,00;3.315,00;3.145,00;24,35M;4,94%
16/05/2018;3.205,00;3.280,00;3.310,00;3.185,00;17,89M;-2,58%
17/05/2018;3.170,00;3.225,00;3.260,00;3.170,00;15,79M;-1,09%
18/05/2018;3.150,00;3.160,00;3.215,00;3.150,00;8,56M;-0,63%
21/05/2018;3.125,00;3.150,00;3.205,00;3.115,00;8,98M;-0,79%
22/05/2018;3.110,00;3.125,00;3.155,00;3.100,00;8,59M;-0,48%
23/05/2018;3.025,00;3.100,00;3.105,00;3.025,00;13,70M;-2,73%
24/05/2018;3.075,00;3.010,00;3.085,00;2.955,00;21,05M;1,65%
25/05/2018;2.955,00;3.050,00;3.050,00;2.930,00;23,12M;-3,90%
28/05/2018;2.900,00;2.940,00;2.940,00;2.855,00;5,46M;-1,86%
29/05/2018;3.030,00;2.925,00;3.075,00;2.890,00;30,22M;4,48%
30/05/2018;3.120,00;3.050,00;3.130,00;3.020,00;17,78M;2,97%
31/05/2018;3.090,00;3.090,00;3.145,00;3.090,00;31,99M;-0,96%
1/06/2018;3.110,00;3.080,00;3.125,00;3.070,00;11,86M;0,65%
5/06/2018;3.080,00;3.080,00;3.105,00;3.040,00;10,74M;-0,96%
6/06/2018;3.015,00;3.080,00;3.105,00;3.005,00;11,05M;-2,11%
7/06/2018;3.060,00;3.015,00;3.080,00;3.015,00;6,63M;1,49%
8/06/2018;3.045,00;3.060,00;3.095,00;3.035,00;6,24M;-0,49%
12/06/2018;3.005,00;3.030,00;3.040,00;3.000,00;9,58M;-1,31%
13/06/2018;3.010,00;2.990,00;3.025,00;2.955,00;6,43M;0,17%
14/06/2018;3.005,00;3.015,00;3.035,00;3.000,00;6,62M;-0,17%
15/06/2018;2.960,00;2.980,00;2.985,00;2.950,00;22,55M;-1,50%
18/06/2018;2.985,00;2.980,00;3.050,00;2.970,00;11,01M;0,84%
19/06/2018;2.905,00;2.980,00;2.995,00;2.905,00;8,41M;-2,68%
20/06/2018;2.875,00;2.905,00;2.965,00;2.875,00;19,88M;-1,03%
21/06/2018;2.845,00;2.870,00;2.890,00;2.830,00;16,29M;-1,04%
22/06/2018;2.880,00;2.890,00;2.915,00;2.880,00;13,62M;1,23%
25/06/2018;2.820,00;2.860,00;2.870,00;2.820,00;6,01M;-2,08%
26/06/2018;2.885,00;2.825,00;2.910,00;2.800,00;12,07M;2,30%
27/06/2018;2.970,00;2.910,00;2.985,00;2.910,00;11,12M;2,95%
28/06/2018;2.985,00;2.950,00;3.005,00;2.950,00;8,54M;0,51%
29/06/2018;3.025,00;2.995,00;3.030,00;2.985,00;12,67M;1,34%
3/07/2018;2.930,00;3.025,00;3.050,00;2.930,00;6,26M;-3,14%
4/07/2018;2.930,00;2.930,00;2.930,00;2.900,00;2,38M;0,00%
5/07/2018;2.895,00;2.940,00;2.975,00;2.885,00;8,02M;-1,19%
6/07/2018;2.935,00;2.880,00;2.940,00;2.850,00;9,64M;1,38%
9/07/2018;3.000,00;2.940,00;3.005,00;2.910,00;12,48M;2,21%
10/07/2018;3.020,00;3.010,00;3.045,00;3.000,00;10,19M;0,67%
11/07/2018;2.955,00;2.980,00;3.015,00;2.940,00;8,16M;-2,15%
12/07/2018;2.945,00;2.960,00;2.960,00;2.925,00;11,45M;-0,34%
13/07/2018;2.965,00;2.935,00;2.975,00;2.930,00;5,66M;0,68%
16/07/2018;2.940,00;2.935,00;2.940,00;2.880,00;11,52M;-0,84%
17/07/2018;2.960,00;2.925,00;2.985,00;2.920,00;7,72M;0,68%
18/07/2018;2.965,00;2.930,00;2.980,00;2.925,00;6,75M;0,17%
19/07/2018;2.950,00;2.970,00;2.990,00;2.945,00;5,02M;-0,51%
23/07/2018;2.970,00;2.970,00;2.995,00;2.960,00;4,73M;0,68%
24/07/2018;2.965,00;2.980,00;2.995,00;2.965,00;4,97M;-0,17%
25/07/2018;3.000,00;2.955,00;3.000,00;2.955,00;7,34M;1,18%
26/07/2018;3.005,00;2.980,00;3.005,00;2.965,00;6,35M;0,17%
27/07/2018;2.985,00;3.005,00;3.030,00;2.970,00;8,93M;-0,67%
30/07/2018;3.080,00;3.000,00;3.095,00;3.000,00;13,25M;3,18%
31/07/2018;3.070,00;3.080,00;3.090,00;3.025,00;11,05M;-0,32%
1/08/2018;3.125,00;3.055,00;3.125,00;3.035,00;9,67M;1,79%
2/08/2018;3.130,00;3.100,00;3.150,00;3.090,00;5,26M;0,16%
3/08/2018;3.095,00;3.140,00;3.165,00;3.060,00;9,49M;-1,12%
6/08/2018;3.140,00;3.100,00;3.140,00;3.080,00;3,44M;1,45%
8/08/2018;3.175,00;3.130,00;3.175,00;3.070,00;6,42M;1,11%
9/08/2018;3.030,00;3.100,00;3.105,00;2.995,00;14,49M;-4,57%
10/08/2018;3.070,00;3.025,00;3.085,00;3.005,00;5,76M;1,32%
13/08/2018;3.060,00;3.050,00;3.090,00;3.050,00;6,51M;-0,33%
14/08/2018;3.100,00;3.060,00;3.110,00;3.060,00;7,67M;1,31%
15/08/2018;3.000,00;3.105,00;3.145,00;2.985,00;18,89M;-3,23%
16/08/2018;3.065,00;3.000,00;3.070,00;3.000,00;7,32M;2,17%
17/08/2018;3.095,00;3.070,00;3.100,00;3.070,00;7,37M;0,98%
21/08/2018;3.140,00;3.100,00;3.180,00;3.100,00;12,71M;1,45%
22/08/2018;3.220,00;3.160,00;3.220,00;3.160,00;12,45M;2,55%
23/08/2018;3.240,00;3.200,00;3.240,00;3.190,00;7,77M;0,62%
24/08/2018;3.270,00;3.245,00;3.295,00;3.245,00;9,93M;0,93%
27/08/2018;3.305,00;3.260,00;3.305,00;3.255,00;6,36M;1,07%
28/08/2018;3.330,00;3.305,00;3.330,00;3.290,00;11,30M;0,76%
29/08/2018;3.385,00;3.335,00;3.395,00;3.335,00;11,46M;1,65%
30/08/2018;3.445,00;3.400,00;3.445,00;3.380,00;9,53M;1,77%
31/08/2018;3.420,00;3.450,00;3.455,00;3.415,00;9,52M;-0,73%
3/09/2018;3.395,00;3.400,00;3.400,00;3.355,00;1,05M;-0,73%
4/09/2018;3.455,00;3.400,00;3.465,00;3.400,00;10,86M;1,77%
5/09/2018;3.430,00;3.420,00;3.450,00;3.390,00;10,50M;-0,72%
6/09/2018;3.390,00;3.410,00;3.440,00;3.380,00;7,82M;-1,17%
7/09/2018;3.410,00;3.350,00;3.440,00;3.350,00;10,58M;0,59%
10/09/2018;3.410,00;3.400,00;3.440,00;3.400,00;8,71M;0,00%
11/09/2018;3.480,00;3.410,00;3.480,00;3.410,00;14,25M;2,05%
12/09/2018;3.820,00;3.490,00;3.840,00;3.490,00;39,33M;9,77%
13/09/2018;3.765,00;3.795,00;3.860,00;3.680,00;20,31M;-1,44%
14/09/2018;3.790,00;3.760,00;3.850,00;3.735,00;8,67M;0,66%
17/09/2018;3.870,00;3.785,00;3.910,00;3.770,00;10,15M;2,11%
18/09/2018;3.940,00;3.890,00;4.000,00;3.890,00;15,46M;1,81%
19/09/2018;3.850,00;3.930,00;3.930,00;3.795,00;9,42M;-2,28%
20/09/2018;3.715,00;3.835,00;3.870,00;3.705,00;17,20M;-3,51%
21/09/2018;3.680,00;3.750,00;3.805,00;3.680,00;37,70M;-0,94%
24/09/2018;3.900,00;3.705,00;3.905,00;3.705,00;14,60M;5,98%
25/09/2018;3.930,00;3.910,00;3.995,00;3.910,00;11,93M;0,77%
26/09/2018;3.925,00;3.910,00;3.985,00;3.870,00;13,20M;-0,13%
27/09/2018;3.980,00;3.960,00;3.985,00;3.940,00;12,28M;1,40%
28/09/2018;4.030,00;3.940,00;4.030,00;3.940,00;13,89M;1,26%
1/10/2018;4.150,00;4.040,00;4.155,00;4.030,00;10,92M;2,98%
2/10/2018;4.105,00;4.100,00;4.190,00;4.045,00;12,11M;-1,08%
3/10/2018;4.160,00;4.060,00;4.170,00;4.060,00;8,42M;1,34%
4/10/2018;4.080,00;4.135,00;4.155,00;4.075,00;7,17M;-1,92%
5/10/2018;4.015,00;4.055,00;4.085,00;4.000,00;10,65M;-1,59%
8/10/2018;3.990,00;4.000,00;4.035,00;3.955,00;6,65M;-0,62%
9/10/2018;4.080,00;3.990,00;4.110,00;3.990,00;9,51M;2,26%
10/10/2018;4.015,00;4.075,00;4.100,00;3.985,00;16,97M;-1,59%
11/10/2018;3.900,00;4.000,00;4.000,00;3.885,00;18,86M;-2,86%
12/10/2018;3.950,00;3.940,00;4.010,00;3.915,00;12,39M;1,28%
16/10/2018;3.970,00;3.920,00;3.970,00;3.840,00;14,93M;0,51%
17/10/2018;3.965,00;3.925,00;4.005,00;3.885,00;14,36M;-0,13%
18/10/2018;3.925,00;3.900,00;3.990,00;3.900,00;11,06M;-1,01%
19/10/2018;3.950,00;3.925,00;3.990,00;3.925,00;6,38M;0,64%
22/10/2018;3.960,00;3.955,00;3.980,00;3.925,00;10,44M;0,25%
23/10/2018;3.845,00;3.910,00;3.920,00;3.800,00;21,59M;-2,90%
24/10/2018;3.685,00;3.890,00;3.915,00;3.685,00;14,53M;-4,16%
25/10/2018;3.705,00;3.700,00;3.745,00;3.670,00;11,00M;0,54%
26/10/2018;3.755,00;3.670,00;3.790,00;3.650,00;8,31M;1,35%
29/10/2018;3.690,00;3.750,00;3.815,00;3.665,00;13,41M;-1,73%
30/10/2018;3.750,00;3.680,00;3.770,00;3.635,00;13,26M;1,63%
31/10/2018;3.740,00;3.765,00;3.835,00;3.740,00;19,99M;-0,27%
1/11/2018;3.465,00;3.700,00;3.740,00;3.455,00;20,42M;-7,35%
2/11/2018;3.430,00;3.440,00;3.550,00;3.380,00;18,94M;-1,01%
6/11/2018;3.440,00;3.495,00;3.500,00;3.380,00;16,63M;0,29%
7/11/2018;3.480,00;3.450,00;3.520,00;3.415,00;6,37M;1,16%
8/11/2018;3.425,00;3.400,00;3.530,00;3.400,00;6,63M;-1,58%
9/11/2018;3.440,00;3.415,00;3.500,00;3.350,00;12,50M;0,44%
13/11/2018;3.240,00;3.395,00;3.395,00;3.220,00;17,00M;-5,81%
14/11/2018;3.250,00;3.260,00;3.330,00;3.215,00;6,18M;0,31%
15/11/2018;3.280,00;3.260,00;3.290,00;3.230,00;7,68M;0,92%
16/11/2018;3.275,00;3.300,00;3.330,00;3.255,00;9,61M;-0,15%
19/11/2018;3.190,00;3.255,00;3.255,00;3.170,00;10,23M;-2,60%
20/11/2018;3.060,00;3.170,00;3.170,00;3.010,00;19,45M;-4,08%
21/11/2018;3.150,00;3.070,00;3.150,00;3.070,00;14,93M;2,94%
22/11/2018;3.140,00;3.120,00;3.140,00;3.075,00;934,74K;-0,32%
23/11/2018;3.020,00;3.080,00;3.080,00;2.990,00;6,40M;-3,82%
26/11/2018;3.075,00;3.030,00;3.090,00;3.030,00;9,31M;1,82%
27/11/2018;3.140,00;3.090,00;3.150,00;3.045,00;8,31M;2,11%
28/11/2018;3.115,00;3.135,00;3.135,00;3.035,00;8,62M;-0,80%
29/11/2018;3.110,00;3.120,00;3.140,00;3.090,00;5,24M;-0,16%
30/11/2018;3.105,00;3.080,00;3.140,00;3.050,00;13,43M;-0,16%
3/12/2018;3.290,00;3.160,00;3.300,00;3.160,00;10,10M;5,96%
4/12/2018;3.160,00;3.300,00;3.300,00;3.120,00;13,85M;-3,95%
5/12/2018;3.220,00;3.135,00;3.220,00;3.135,00;1,98M;1,90%
6/12/2018;3.100,00;3.160,00;3.160,00;3.030,00;16,61M;-3,73%
7/12/2018;3.100,00;3.140,00;3.200,00;3.090,00;6,76M;0,00%
10/12/2018;3.020,00;3.060,00;3.070,00;3.000,00;6,28M;-2,58%
11/12/2018;2.980,00;3.065,00;3.090,00;2.950,00;9,67M;-1,32%
12/12/2018;3.015,00;3.015,00;3.085,00;3.000,00;13,56M;1,17%
13/12/2018;2.960,00;3.010,00;3.060,00;2.955,00;9,91M;-1,82%
14/12/2018;2.940,00;2.960,00;2.960,00;2.910,00;4,21M;-0,68%
17/12/2018;2.875,00;2.915,00;2.920,00;2.850,00;5,90M;-2,21%
18/12/2018;2.835,00;2.830,00;2.850,00;2.810,00;7,07M;-1,39%
19/12/2018;2.815,00;2.835,00;2.870,00;2.795,00;5,67M;-0,71%
20/12/2018;2.615,00;2.790,00;2.790,00;2.615,00;5,93M;-7,10%
21/12/2018;2.665,00;2.600,00;2.715,00;2.580,00;10,73M;1,91%
24/12/2018;2.550,00;2.640,00;2.640,00;2.550,00;870,80K;-4,32%
26/12/2018;2.720,00;2.610,00;2.720,00;2.520,00;1,95M;6,67%
27/12/2018;2.715,00;2.680,00;2.730,00;2.635,00;1,25M;-0,18%
28/12/2018;2.645,00;2.675,00;2.725,00;2.645,00;1,22M;-2,58%
2/01/2019;2.650,00;2.620,00;2.680,00;2.540,00;3,25M;0,19%
3/01/2019;2.760,00;2.700,00;2.760,00;2.645,00;3,56M;4,15%
4/01/2019;2.800,00;2.800,00;2.810,00;2.740,00;6,28M;1,45%
8/01/2019;2.890,00;2.850,00;2.890,00;2.815,00;10,43M;3,21%
9/01/2019;2.935,00;2.900,00;2.965,00;2.895,00;19,26M;1,56%
10/01/2019;2.935,00;2.925,00;2.935,00;2.865,00;8,06M;0,00%
11/01/2019;2.900,00;2.900,00;2.920,00;2.880,00;6,32M;-1,19%
14/01/2019;2.910,00;2.865,00;2.910,00;2.850,00;6,62M;0,34%
15/01/2019;2.930,00;2.910,00;2.950,00;2.890,00;7,24M;0,69%
16/01/2019;2.930,00;2.905,00;2.945,00;2.905,00;4,36M;0,00%
17/01/2019;2.910,00;2.910,00;2.920,00;2.880,00;8,33M;-0,68%
18/01/2019;2.895,00;2.920,00;2.925,00;2.890,00;7,83M;-0,52%
21/01/2019;2.900,00;2.895,00;2.930,00;2.880,00;1,05M;0,17%
22/01/2019;2.900,00;2.895,00;2.900,00;2.845,00;12,16M;0,00%
23/01/2019;2.825,00;2.900,00;2.900,00;2.825,00;12,43M;-2,59%
24/01/2019;2.835,00;2.820,00;2.860,00;2.815,00;7,65M;0,35%
25/01/2019;2.860,00;2.835,00;2.860,00;2.830,00;4,95M;0,88%
28/01/2019;2.815,00;2.850,00;2.850,00;2.755,00;12,47M;-1,57%
29/01/2019;2.850,00;2.835,00;2.870,00;2.835,00;3,96M;1,24%
30/01/2019;2.915,00;2.850,00;2.925,00;2.845,00;9,86M;2,28%
31/01/2019;2.920,00;2.920,00;2.970,00;2.905,00;19,47M;0,17%
1/02/2019;2.935,00;2.920,00;2.935,00;2.895,00;8,74M;0,51%
4/02/2019;2.920,00;2.910,00;2.920,00;2.870,00;7,60M;-0,51%
5/02/2019;2.950,00;2.890,00;2.970,00;2.890,00;8,64M;1,03%
6/02/2019;2.920,00;2.930,00;2.945,00;2.895,00;7,12M;-1,02%
7/02/2019;2.865,00;2.910,00;2.910,00;2.865,00;6,10M;-1,88%
8/02/2019;2.865,00;2.865,00;2.875,00;2.845,00;4,17M;0,00%
11/02/2019;2.840,00;2.850,00;2.865,00;2.825,00;3,01M;-0,87%
12/02/2019;2.925,00;2.885,00;2.930,00;2.885,00;9,39M;2,99%
13/02/2019;2.955,00;2.940,00;2.970,00;2.940,00;8,95M;1,03%
14/02/2019;2.965,00;2.950,00;2.985,00;2.935,00;11,80M;0,34%
15/02/2019;3.055,00;2.985,00;3.055,00;2.985,00;15,36M;3,04%
18/02/2019;3.065,00;3.020,00;3.095,00;3.020,00;4,18M;0,33%
19/02/2019;3.050,00;3.060,00;3.060,00;3.035,00;12,12M;-0,49%
20/02/2019;3.085,00;3.050,00;3.095,00;3.030,00;10,28M;1,15%
21/02/2019;3.060,00;3.090,00;3.090,00;3.050,00;9,39M;-0,81%
22/02/2019;3.080,00;3.070,00;3.105,00;3.060,00;7,31M;0,65%
25/02/2019;3.145,00;3.060,00;3.150,00;3.045,00;9,49M;2,11%
26/02/2019;3.195,00;3.140,00;3.240,00;3.140,00;11,23M;1,59%
27/02/2019;3.230,00;3.250,00;3.280,00;3.200,00;16,57M;1,10%
28/02/2019;3.120,00;3.220,00;3.250,00;3.110,00;17,52M;-3,41%
1/03/2019;3.165,00;3.100,00;3.175,00;3.100,00;7,66M;1,44%
4/03/2019;3.210,00;3.180,00;3.215,00;3.170,00;4,79M;1,42%
5/03/2019;3.215,00;3.210,00;3.240,00;3.210,00;5,17M;0,16%
6/03/2019;3.195,00;3.200,00;3.260,00;3.180,00;9,91M;-0,62%
7/03/2019;3.175,00;3.205,00;3.205,00;3.165,00;6,36M;-0,63%
8/03/2019;3.135,00;3.170,00;3.170,00;3.080,00;9,14M;-1,26%
11/03/2019;3.200,00;3.150,00;3.215,00;3.145,00;5,74M;2,07%
12/03/2019;3.230,00;3.220,00;3.250,00;3.200,00;5,37M;0,94%
13/03/2019;3.330,00;3.240,00;3.340,00;3.240,00;14,28M;3,10%
14/03/2019;3.320,00;3.345,00;3.380,00;3.300,00;9,33M;-0,30%
15/03/2019;3.400,00;3.300,00;3.400,00;3.270,00;23,18M;2,41%
18/03/2019;3.445,00;3.350,00;3.455,00;3.350,00;6,41M;1,32%
19/03/2019;3.470,00;3.445,00;3.510,00;3.445,00;10,53M;0,73%
20/03/2019;3.550,00;3.455,00;3.550,00;3.440,00;11,66M;2,31%
21/03/2019;3.565,00;3.515,00;3.570,00;3.510,00;5,24M;0,42%
22/03/2019;3.430,00;3.525,00;3.525,00;3.415,00;6,65M;-3,79%
26/03/2019;3.470,00;3.460,00;3.525,00;3.450,00;9,35M;1,17%
27/03/2019;3.370,00;3.500,00;3.510,00;3.370,00;13,99M;-2,88%
28/03/2019;3.370,00;3.350,00;3.405,00;3.345,00;7,70M;0,00%
29/03/2019;3.415,00;3.400,00;3.430,00;3.375,00;9,38M;1,34%
1/04/2019;3.460,00;3.460,00;3.460,00;3.415,00;5,74M;1,32%
2/04/2019;3.440,00;3.440,00;3.460,00;3.430,00;5,90M;-0,58%
3/04/2019;3.410,00;3.450,00;3.465,00;3.410,00;16,27M;-0,87%
4/04/2019;3.350,00;3.410,00;3.430,00;3.350,00;7,46M;-1,76%
5/04/2019;3.360,00;3.360,00;3.400,00;3.350,00;7,11M;0,30%
8/04/2019;3.425,00;3.370,00;3.425,00;3.350,00;10,51M;1,93%
9/04/2019;3.380,00;3.415,00;3.415,00;3.355,00;8,50M;-1,31%
10/04/2019;3.405,00;3.400,00;3.405,00;3.370,00;5,46M;0,74%
11/04/2019;3.320,00;3.385,00;3.385,00;3.315,00;10,88M;-2,50%
12/04/2019;3.275,00;3.340,00;3.350,00;3.260,00;10,88M;-1,36%
15/04/2019;3.230,00;3.260,00;3.280,00;3.230,00;9,71M;-1,37%
16/04/2019;3.295,00;3.235,00;3.295,00;3.220,00;5,08M;2,01%
17/04/2019;3.030,00;3.180,00;3.180,00;3.030,00;5,91M;-8,04%
22/04/2019;3.095,00;3.040,00;3.115,00;3.040,00;8,29M;2,15%
23/04/2019;3.105,00;3.110,00;3.125,00;3.065,00;7,54M;0,32%
24/04/2019;3.075,00;3.100,00;3.105,00;3.015,00;11,31M;-0,97%
25/04/2019;3.075,00;3.075,00;3.080,00;3.055,00;8,95M;0,00%
26/04/2019;3.005,00;3.050,00;3.060,00;3.000,00;11,40M;-2,28%
29/04/2019;3.020,00;3.005,00;3.020,00;2.965,00;6,48M;0,50%
30/04/2019;2.985,00;3.045,00;3.050,00;2.985,00;10,49M;-1,16%
2/05/2019;2.945,00;2.975,00;2.975,00;2.880,00;6,16M;-1,34%
3/05/2019;2.925,00;2.945,00;2.975,00;2.925,00;6,52M;-0,68%
6/05/2019;2.915,00;2.900,00;2.925,00;2.880,00;11,35M;-0,34%
7/05/2019;2.885,00;2.935,00;2.970,00;2.880,00;13,58M;-1,03%
8/05/2019;2.970,00;2.885,00;2.980,00;2.885,00;8,80M;2,95%
9/05/2019;3.040,00;2.950,00;3.055,00;2.945,00;10,77M;2,36%
10/05/2019;3.070,00;3.015,00;3.075,00;2.985,00;10,81M;0,99%
13/05/2019;3.020,00;3.050,00;3.100,00;3.015,00;10,42M;-1,63%
14/05/2019;3.005,00;3.030,00;3.055,00;3.005,00;6,77M;-0,50%
15/05/2019;3.030,00;3.005,00;3.045,00;2.985,00;6,30M;0,83%
16/05/2019;3.075,00;3.045,00;3.120,00;3.030,00;10,89M;1,49%
17/05/2019;3.070,00;3.060,00;3.120,00;3.060,00;10,52M;-0,16%
20/05/2019;3.045,00;3.070,00;3.105,00;3.040,00;8,33M;-0,81%
21/05/2019;3.095,00;3.045,00;3.095,00;3.045,00;2,18M;1,64%
22/05/2019;3.040,00;3.050,00;3.095,00;3.040,00;10,37M;-1,78%
23/05/2019;2.940,00;3.020,00;3.020,00;2.925,00;4,77M;-3,29%
24/05/2019;3.000,00;2.955,00;3.010,00;2.945,00;9,38M;2,04%
27/05/2019;2.950,00;2.960,00;2.980,00;2.900,00;2,39M;-1,67%
28/05/2019;2.815,00;2.930,00;2.945,00;2.805,00;29,57M;-4,58%
29/05/2019;2.870,00;2.810,00;2.870,00;2.740,00;7,06M;1,95%
30/05/2019;2.810,00;2.875,00;2.885,00;2.800,00;7,23M;-2,09%
31/05/2019;2.765,00;2.770,00;2.810,00;2.745,00;5,93M;-1,60%
4/06/2019;2.820,00;2.785,00;2.835,00;2.785,00;6,76M;1,99%
5/06/2019;2.755,00;2.815,00;2.815,00;2.740,00;6,67M;-2,30%
6/06/2019;2.770,00;2.755,00;2.795,00;2.750,00;4,01M;0,54%
7/06/2019;2.875,00;2.780,00;2.875,00;2.775,00;8,13M;3,79%
10/06/2019;2.815,00;2.870,00;2.890,00;2.815,00;8,68M;-2,09%
11/06/2019;2.800,00;2.845,00;2.855,00;2.800,00;5,40M;-0,53%
12/06/2019;2.725,00;2.770,00;2.780,00;2.725,00;6,11M;-2,68%
13/06/2019;2.765,00;2.790,00;2.790,00;2.745,00;5,58M;1,47%
14/06/2019;2.790,00;2.750,00;2.790,00;2.745,00;5,16M;0,90%
17/06/2019;2.820,00;2.775,00;2.820,00;2.775,00;4,61M;1,08%
18/06/2019;2.870,00;2.830,00;2.885,00;2.830,00;7,45M;1,77%
19/06/2019;2.930,00;2.855,00;2.950,00;2.855,00;12,20M;2,09%
20/06/2019;2.980,00;2.930,00;3.030,00;2.930,00;16,39M;1,71%
21/06/2019;3.020,00;3.000,00;3.020,00;2.975,00;21,76M;1,34%
25/06/2019;2.985,00;3.000,00;3.030,00;2.970,00;4,16M;-1,16%
26/06/2019;2.985,00;3.020,00;3.030,00;2.985,00;3,61M;0,00%
27/06/2019;2.945,00;2.970,00;3.000,00;2.945,00;2,08M;-1,34%
28/06/2019;2.920,00;2.945,00;2.955,00;2.920,00;4,34M;-0,85%
2/07/2019;2.925,00;2.920,00;2.965,00;2.895,00;5,02M;0,17%
3/07/2019;3.010,00;2.925,00;3.010,00;2.920,00;6,36M;2,91%
4/07/2019;3.010,00;3.000,00;3.010,00;2.995,00;533,29K;0,00%
5/07/2019;3.020,00;3.005,00;3.020,00;2.970,00;5,86M;0,33%
8/07/2019;3.015,00;3.015,00;3.025,00;3.000,00;3,10M;-0,17%
9/07/2019;3.020,00;3.010,00;3.020,00;2.975,00;3,78M;0,17%
10/07/2019;3.090,00;3.030,00;3.090,00;3.030,00;11,03M;2,32%
11/07/2019;3.070,00;3.090,00;3.110,00;3.060,00;9,53M;-0,65%
12/07/2019;3.070,00;3.060,00;3.075,00;3.040,00;4,34M;0,00%
15/07/2019;3.035,00;3.065,00;3.080,00;3.030,00;7,98M;-1,14%
16/07/2019;3.025,00;3.035,00;3.060,00;3.020,00;12,96M;-0,33%
17/07/2019;3.000,00;3.060,00;3.060,00;2.995,00;8,68M;-0,83%
18/07/2019;2.965,00;3.005,00;3.020,00;2.935,00;11,48M;-1,17%
19/07/2019;3.010,00;2.965,00;3.010,00;2.960,00;5,95M;1,52%
22/07/2019;3.030,00;3.010,00;3.045,00;3.010,00;9,66M;0,66%
23/07/2019;3.015,00;3.015,00;3.030,00;2.995,00;8,42M;-0,50%
24/07/2019;3.000,00;3.010,00;3.030,00;2.995,00;5,06M;-0,50%
25/07/2019;3.000,00;2.990,00;3.015,00;2.980,00;14,66M;0,00%
26/07/2019;2.980,00;3.000,00;3.010,00;2.980,00;5,60M;-0,67%
29/07/2019;2.980,00;2.975,00;2.985,00;2.950,00;7,56M;0,00%
30/07/2019;2.965,00;2.995,00;2.995,00;2.960,00;6,44M;-0,50%
31/07/2019;2.940,00;2.985,00;2.990,00;2.940,00;13,54M;-0,84%
1/08/2019;2.925,00;2.970,00;2.985,00;2.900,00;11,16M;-0,51%
2/08/2019;2.900,00;2.930,00;2.940,00;2.900,00;10,43M;-0,85%
5/08/2019;2.860,00;2.900,00;2.900,00;2.835,00;7,91M;-1,38%
6/08/2019;2.830,00;2.855,00;2.870,00;2.830,00;8,25M;-1,05%
8/08/2019;2.825,00;2.870,00;2.870,00;2.790,00;9,82M;-0,18%
9/08/2019;2.835,00;2.870,00;2.870,00;2.830,00;6,83M;0,35%
12/08/2019;2.800,00;2.835,00;2.835,00;2.780,00;4,27M;-1,23%
13/08/2019;2.855,00;2.825,00;2.865,00;2.800,00;9,78M;1,96%
14/08/2019;2.750,00;2.835,00;2.865,00;2.750,00;11,45M;-3,68%
15/08/2019;2.725,00;2.745,00;2.745,00;2.690,00;11,00M;-0,91%
16/08/2019;2.750,00;2.725,00;2.765,00;2.725,00;8,80M;0,92%
20/08/2019;2.740,00;2.765,00;2.765,00;2.725,00;6,67M;-0,36%
21/08/2019;2.750,00;2.750,00;2.795,00;2.750,00;11,23M;0,36%
22/08/2019;2.695,00;2.750,00;2.755,00;2.650,00;11,49M;-2,00%
23/08/2019;2.615,00;2.660,00;2.690,00;2.615,00;8,31M;-2,97%
26/08/2019;2.670,00;2.630,00;2.680,00;2.630,00;4,80M;2,10%
27/08/2019;2.655,00;2.670,00;2.710,00;2.630,00;14,79M;-0,56%
28/08/2019;2.665,00;2.675,00;2.700,00;2.660,00;2,18M;0,38%
29/08/2019;2.680,00;2.680,00;2.700,00;2.655,00;10,42M;0,56%
30/08/2019;2.740,00;2.680,00;2.740,00;2.665,00;14,62M;2,24%
2/09/2019;2.735,00;2.715,00;2.740,00;2.710,00;729,98K;-0,18%
3/09/2019;2.720,00;2.690,00;2.770,00;2.655,00;4,56M;-0,55%
4/09/2019;2.750,00;2.750,00;2.755,00;2.735,00;8,14M;1,10%
5/09/2019;2.810,00;2.760,00;2.825,00;2.760,00;11,05M;2,18%
6/09/2019;2.830,00;2.800,00;2.830,00;2.775,00;4,73M;0,71%
9/09/2019;2.865,00;2.840,00;2.865,00;2.840,00;5,22M;1,24%
10/09/2019;2.885,00;2.875,00;2.930,00;2.875,00;16,10M;0,70%
11/09/2019;2.900,00;2.880,00;2.910,00;2.850,00;10,85M;0,52%
12/09/2019;2.945,00;2.865,00;2.955,00;2.850,00;13,28M;1,55%
13/09/2019;2.900,00;2.945,00;2.960,00;2.895,00;11,00M;-1,53%
16/09/2019;3.000,00;2.970,00;3.050,00;2.970,00;26,02M;3,45%
17/09/2019;3.000,00;3.010,00;3.030,00;2.965,00;21,51M;0,00%
18/09/2019;3.020,00;3.000,00;3.030,00;2.970,00;10,81M;0,67%
19/09/2019;2.990,00;2.970,00;3.010,00;2.970,00;6,17M;-0,99%
20/09/2019;3.010,00;2.990,00;3.010,00;2.985,00;17,91M;0,67%
23/09/2019;3.000,00;2.995,00;3.010,00;2.980,00;4,56M;-0,33%
24/09/2019;2.980,00;2.970,00;3.000,00;2.960,00;5,90M;-0,67%
25/09/2019;2.980,00;2.950,00;2.980,00;2.910,00;4,64M;0,00%
26/09/2019;2.990,00;2.965,00;3.005,00;2.945,00;5,54M;0,34%
27/09/2019;2.990,00;2.990,00;3.010,00;2.970,00;7,17M;0,00%
30/09/2019;2.950,00;2.960,00;2.985,00;2.950,00;4,74M;-1,34%
1/10/2019;2.940,00;2.985,00;2.985,00;2.915,00;5,19M;-0,34%
2/10/2019;2.890,00;2.920,00;2.920,00;2.880,00;10,12M;-1,70%
3/10/2019;2.945,00;2.880,00;2.945,00;2.870,00;4,45M;1,90%
4/10/2019;2.940,00;2.950,00;2.975,00;2.920,00;5,92M;-0,17%
7/10/2019;2.955,00;2.955,00;2.970,00;2.940,00;1,85M;0,51%
8/10/2019;2.910,00;2.950,00;2.950,00;2.905,00;4,37M;-1,52%
9/10/2019;2.925,00;2.895,00;2.935,00;2.895,00;1,56M;0,52%
10/10/2019;2.950,00;2.925,00;2.965,00;2.925,00;2,54M;0,85%
11/10/2019;2.995,00;2.940,00;3.015,00;2.940,00;6,04M;1,53%
15/10/2019;2.995,00;2.990,00;3.020,00;2.985,00;6,42M;0,00%
16/10/2019;2.975,00;2.990,00;3.020,00;2.975,00;4,86M;-0,67%
17/10/2019;2.965,00;2.970,00;3.005,00;2.955,00;7,22M;-0,34%
18/10/2019;2.915,00;2.995,00;2.995,00;2.910,00;7,90M;-1,69%
21/10/2019;2.925,00;2.910,00;2.925,00;2.875,00;4,44M;0,34%
22/10/2019;3.000,00;2.905,00;3.000,00;2.905,00;6,47M;2,56%
23/10/2019;3.030,00;2.955,00;3.030,00;2.955,00;6,12M;1,00%
24/10/2019;3.040,00;3.010,00;3.040,00;3.005,00;3,61M;0,33%
25/10/2019;3.045,00;3.015,00;3.050,00;3.015,00;7,37M;0,16%
28/10/2019;3.040,00;3.050,00;3.075,00;3.040,00;4,47M;-0,16%
29/10/2019;3.070,00;3.010,00;3.070,00;3.010,00;6,76M;0,99%
30/10/2019;3.050,00;3.070,00;3.090,00;3.045,00;4,93M;-0,65%
31/10/2019;3.040,00;3.020,00;3.070,00;3.020,00;10,17M;-0,33%
1/11/2019;3.090,00;3.055,00;3.090,00;3.040,00;4,89M;1,64%
5/11/2019;3.160,00;3.095,00;3.160,00;3.095,00;8,16M;2,27%
6/11/2019;3.130,00;3.175,00;3.180,00;3.120,00;6,21M;-0,95%
7/11/2019;3.130,00;3.150,00;3.160,00;3.110,00;4,11M;0,00%
8/11/2019;3.130,00;3.115,00;3.155,00;3.110,00;9,90M;0,00%
12/11/2019;3.100,00;3.160,00;3.190,00;3.100,00;7,87M;-0,96%
13/11/2019;3.120,00;3.120,00;3.130,00;3.035,00;7,65M;0,65%
14/11/2019;3.125,00;3.145,00;3.165,00;3.110,00;3,47M;0,16%
15/11/2019;3.145,00;3.125,00;3.175,00;3.125,00;6,85M;0,64%
18/11/2019;3.130,00;3.115,00;3.130,00;3.095,00;2,09M;-0,48%
19/11/2019;3.100,00;3.095,00;3.100,00;3.070,00;4,58M;-0,96%
20/11/2019;3.130,00;3.075,00;3.135,00;3.070,00;5,26M;0,97%
21/11/2019;3.145,00;3.105,00;3.145,00;3.100,00;3,79M;0,48%
22/11/2019;3.170,00;3.120,00;3.170,00;3.120,00;3,64M;0,79%
25/11/2019;3.160,00;3.140,00;3.185,00;3.140,00;4,16M;-0,32%
26/11/2019;3.160,00;3.175,00;3.175,00;3.120,00;24,96M;0,00%
27/11/2019;3.205,00;3.160,00;3.210,00;3.145,00;4,59M;1,42%
28/11/2019;3.220,00;3.190,00;3.220,00;3.190,00;1,98M;0,47%
29/11/2019;3.290,00;3.220,00;3.290,00;3.220,00;11,02M;2,17%
2/12/2019;3.230,00;3.250,00;3.290,00;3.200,00;5,03M;-1,82%
3/12/2019;3.200,00;3.210,00;3.230,00;3.175,00;7,60M;-0,93%
4/12/2019;3.330,00;3.200,00;3.330,00;3.200,00;12,46M;4,06%
5/12/2019;3.280,00;3.340,00;3.340,00;3.255,00;7,02M;-1,50%
6/12/2019;3.300,00;3.260,00;3.330,00;3.260,00;4,12M;0,61%
9/12/2019;3.280,00;3.290,00;3.315,00;3.265,00;2,95M;-0,61%
10/12/2019;3.260,00;3.270,00;3.310,00;3.260,00;2,23M;-0,61%
11/12/2019;3.270,00;3.260,00;3.275,00;3.245,00;6,06M;0,31%
12/12/2019;3.305,00;3.270,00;3.315,00;3.265,00;4,05M;1,07%
13/12/2019;3.325,00;3.325,00;3.340,00;3.305,00;5,11M;0,61%
16/12/2019;3.335,00;3.330,00;3.345,00;3.320,00;5,12M;0,30%
17/12/2019;3.275,00;3.330,00;3.330,00;3.240,00;3,89M;-1,80%
18/12/2019;3.260,00;3.260,00;3.265,00;3.230,00;9,02M;-0,46%
19/12/2019;3.300,00;3.260,00;3.300,00;3.260,00;2,54M;1,23%
20/12/2019;3.320,00;3.295,00;3.320,00;3.275,00;14,98M;0,61%
23/12/2019;3.350,00;3.300,00;3.350,00;3.300,00;2,63M;0,90%
24/12/2019;3.320,00;3.340,00;3.370,00;3.320,00;712,26K;-0,90%
26/12/2019;3.345,00;3.300,00;3.355,00;3.300,00;1,14M;0,75%
27/12/2019;3.340,00;3.355,00;3.360,00;3.330,00;1,58M;-0,15%
30/12/2019;3.315,00;3.340,00;3.365,00;3.315,00;1,73M;-0,75%
2/01/2020;3.320,00;3.315,00;3.320,00;3.295,00;1,20M;0,15%
3/01/2020;3.380,00;3.360,00;3.380,00;3.335,00;7,72M;1,81%
7/01/2020;3.360,00;3.390,00;3.395,00;3.325,00;6,10M;-0,59%
8/01/2020;3.325,00;3.360,00;3.360,00;3.300,00;15,80M;-1,04%
9/01/2020;3.345,00;3.320,00;3.350,00;3.300,00;2,36M;0,60%
10/01/2020;3.400,00;3.300,00;3.410,00;3.300,00;8,25M;1,64%
13/01/2020;3.420,00;3.400,00;3.425,00;3.385,00;3,95M;0,59%
14/01/2020;3.405,00;3.425,00;3.435,00;3.370,00;10,35M;-0,44%
15/01/2020;3.395,00;3.375,00;3.415,00;3.375,00;10,55M;-0,29%
16/01/2020;3.405,00;3.385,00;3.420,00;3.385,00;4,26M;0,29%
17/01/2020;3.385,00;3.395,00;3.405,00;3.375,00;6,28M;-0,59%
20/01/2020;3.385,00;3.375,00;3.385,00;3.370,00;1,25M;0,00%
21/01/2020;3.360,00;3.380,00;3.380,00;3.355,00;4,16M;-0,74%
22/01/2020;3.330,00;3.350,00;3.355,00;3.330,00;3,95M;-0,89%
23/01/2020;3.315,00;3.330,00;3.330,00;3.285,00;5,52M;-0,45%
24/01/2020;3.290,00;3.300,00;3.305,00;3.285,00;5,85M;-0,75%
27/01/2020;3.205,00;3.285,00;3.285,00;3.195,00;17,91M;-2,58%
28/01/2020;3.190,00;3.210,00;3.220,00;3.190,00;9,74M;-0,47%
29/01/2020;3.195,00;3.200,00;3.215,00;3.185,00;6,95M;0,16%
30/01/2020;3.200,00;3.180,00;3.200,00;3.145,00;9,47M;0,16%
31/01/2020;3.180,00;3.210,00;3.210,00;3.140,00;19,50M;-0,63%
3/02/2020;3.140,00;3.160,00;3.160,00;3.120,00;7,11M;-1,26%
4/02/2020;3.185,00;3.175,00;3.225,00;3.170,00;6,75M;1,43%
5/02/2020;3.190,00;3.205,00;3.235,00;3.190,00;8,12M;0,16%
6/02/2020;3.195,00;3.205,00;3.205,00;3.155,00;6,32M;0,16%
7/02/2020;3.215,00;3.190,00;3.220,00;3.180,00;3,23M;0,63%
10/02/2020;3.215,00;3.200,00;3.225,00;3.195,00;2,71M;0,00%
11/02/2020;3.290,00;3.220,00;3.295,00;3.220,00;6,59M;2,33%
12/02/2020;3.375,00;3.290,00;3.395,00;3.290,00;11,13M;2,58%
13/02/2020;3.360,00;3.375,00;3.380,00;3.335,00;5,16M;-0,44%
14/02/2020;3.325,00;3.360,00;3.375,00;3.310,00;4,91M;-1,04%
17/02/2020;3.355,00;3.325,00;3.355,00;3.320,00;881,32K;0,90%
18/02/2020;3.365,00;3.315,00;3.365,00;3.315,00;8,25M;0,30%
19/02/2020;3.460,00;3.365,00;3.460,00;3.365,00;9,61M;2,82%
20/02/2020;3.435,00;3.465,00;3.495,00;3.435,00;10,65M;-0,72%
21/02/2020;3.425,00;3.405,00;3.440,00;3.400,00;7,17M;-0,29%
24/02/2020;3.330,00;3.375,00;3.375,00;3.300,00;7,71M;-2,77%
25/02/2020;3.300,00;3.330,00;3.350,00;3.290,00;15,12M;-0,90%
26/02/2020;3.285,00;3.340,00;3.355,00;3.270,00;16,87M;-0,45%
27/02/2020;3.120,00;3.250,00;3.275,00;3.035,00;29,34M;-5,02%
28/02/2020;3.105,00;3.075,00;3.235,00;3.000,00;16,51M;-0,48%
2/03/2020;3.060,00;3.140,00;3.180,00;3.055,00;9,57M;-1,45%
3/03/2020;3.040,00;3.100,00;3.135,00;2.985,00;9,01M;-0,65%
4/03/2020;3.160,00;3.080,00;3.170,00;3.060,00;8,16M;3,95%
5/03/2020;3.175,00;3.100,00;3.195,00;3.100,00;9,58M;0,47%
6/03/2020;2.965,00;3.150,00;3.150,00;2.950,00;24,60M;-6,61%
9/03/2020;2.370,00;2.950,00;2.950,00;2.255,00;22,07M;-20,07%
10/03/2020;2.330,00;2.515,00;2.570,00;2.290,00;20,14M;-1,69%
11/03/2020;2.230,00;2.300,00;2.355,00;2.185,00;13,01M;-4,29%
12/03/2020;1.940,00;2.100,00;2.100,00;1.905,00;10,34M;-13,00%
16/03/2020;1.725,00;1.855,00;1.960,00;1.705,00;10,75M;-11,08%
17/03/2020;1.575,00;1.710,00;1.710,00;1.575,00;13,77M;-8,70%
18/03/2020;1.380,00;1.570,00;1.570,00;1.300,00;10,86M;-12,38%
19/03/2020;1.420,00;1.400,00;1.495,00;1.340,00;10,90M;2,90%
20/03/2020;1.485,00;1.470,00;1.640,00;1.450,00;23,97M;4,58%
24/03/2020;1.615,00;1.480,00;1.680,00;1.480,00;11,96M;8,75%
25/03/2020;1.810,00;1.660,00;1.890,00;1.640,00;11,21M;12,07%
26/03/2020;1.990,00;1.800,00;2.010,00;1.795,00;16,77M;9,94%
27/03/2020;1.860,00;1.980,00;1.980,00;1.730,00;10,40M;-6,53%
30/03/2020;1.830,00;1.800,00;1.850,00;1.700,00;10,36M;-1,61%
31/03/2020;1.900,00;1.890,00;1.980,00;1.885,00;12,18M;3,83%
1/04/2020;1.840,00;1.900,00;1.900,00;1.810,00;7,07M;-3,16%
2/04/2020;2.080,00;1.900,00;2.165,00;1.900,00;13,56M;13,04%
3/04/2020;2.270,00;2.100,00;2.270,00;2.085,00;16,69M;9,13%
6/04/2020;2.260,00;2.270,00;2.315,00;2.180,00;10,53M;-0,44%
7/04/2020;2.230,00;2.295,00;2.385,00;2.215,00;10,78M;-1,33%
8/04/2020;2.360,00;2.285,00;2.360,00;2.210,00;10,31M;5,83%
13/04/2020;2.250,00;2.380,00;2.400,00;2.245,00;11,47M;-4,66%
14/04/2020;2.225,00;2.250,00;2.275,00;2.210,00;8,85M;-1,11%
15/04/2020;2.095,00;2.210,00;2.210,00;2.025,00;13,03M;-5,84%
16/04/2020;2.090,00;2.130,00;2.150,00;2.065,00;12,35M;-0,24%
17/04/2020;1.950,00;2.060,00;2.060,00;1.910,00;16,12M;-6,70%
20/04/2020;1.905,00;1.940,00;2.135,00;1.800,00;16,78M;-2,31%
21/04/2020;1.840,00;1.860,00;1.885,00;1.750,00;10,74M;-3,41%
22/04/2020;1.920,00;1.860,00;1.950,00;1.860,00;9,17M;4,35%
23/04/2020;1.980,00;1.940,00;2.010,00;1.935,00;11,89M;3,13%
24/04/2020;1.910,00;1.985,00;1.985,00;1.865,00;6,92M;-3,54%
27/04/2020;1.950,00;1.860,00;2.000,00;1.850,00;7,10M;2,09%
28/04/2020;2.075,00;2.000,00;2.075,00;1.950,00;16,01M;6,41%
29/04/2020;2.070,00;2.090,00;2.175,00;2.070,00;9,96M;-0,24%
30/04/2020;2.090,00;2.110,00;2.115,00;1.990,00;12,15M;0,97%
4/05/2020;1.960,00;2.000,00;2.000,00;1.900,00;8,67M;-6,22%
5/05/2020;1.985,00;2.025,00;2.075,00;1.965,00;9,91M;1,28%
6/05/2020;1.950,00;1.980,00;2.000,00;1.930,00;10,69M;-1,76%
7/05/2020;1.975,00;1.980,00;2.025,00;1.960,00;14,83M;1,28%
8/05/2020;2.040,00;1.990,00;2.085,00;1.990,00;10,32M;3,29%
11/05/2020;2.065,00;2.050,00;2.080,00;2.040,00;6,22M;1,23%
12/05/2020;1.995,00;2.050,00;2.085,00;1.995,00;6,82M;-3,39%
13/05/2020;1.920,00;1.995,00;1.995,00;1.880,00;8,96M;-3,76%
14/05/2020;1.930,00;1.900,00;1.985,00;1.855,00;7,39M;0,52%
15/05/2020;1.930,00;1.935,00;1.995,00;1.930,00;3,59M;0,00%
18/05/2020;2.050,00;1.990,00;2.075,00;1.975,00;10,04M;6,22%
19/05/2020;1.985,00;2.045,00;2.045,00;1.965,00;7,93M;-3,17%
20/05/2020;2.030,00;2.020,00;2.050,00;2.015,00;3,29M;2,27%
21/05/2020;2.000,00;2.035,00;2.035,00;1.980,00;4,14M;-1,48%
22/05/2020;1.970,00;1.970,00;1.995,00;1.935,00;3,52M;-1,50%
26/05/2020;1.990,00;2.005,00;2.030,00;1.975,00;4,73M;1,02%
27/05/2020;2.005,00;2.000,00;2.015,00;1.950,00;8,23M;0,75%
28/05/2020;1.990,00;2.015,00;2.015,00;1.960,00;7,85M;-0,75%
29/05/2020;1.990,00;1.950,00;1.990,00;1.920,00;29,86M;0,00%
1/06/2020;2.005,00;1.945,00;2.015,00;1.945,00;7,84M;0,75%
2/06/2020;2.035,00;2.000,00;2.055,00;2.000,00;11,38M;1,50%
3/06/2020;2.160,00;2.050,00;2.160,00;2.050,00;18,44M;6,14%
4/06/2020;2.160,00;2.150,00;2.165,00;2.110,00;11,01M;0,00%
5/06/2020;2.345,00;2.165,00;2.345,00;2.165,00;16,49M;8,56%
8/06/2020;2.430,00;2.350,00;2.430,00;2.350,00;9,95M;3,62%
9/06/2020;2.400,00;2.400,00;2.415,00;2.320,00;8,95M;-1,23%
10/06/2020;2.285,00;2.350,00;2.375,00;2.285,00;10,13M;-4,79%
11/06/2020;2.060,00;2.240,00;2.240,00;2.060,00;10,53M;-9,85%
12/06/2020;2.125,00;2.145,00;2.145,00;2.080,00;7,23M;3,16%
16/06/2020;2.250,00;2.190,00;2.260,00;2.170,00;10,25M;5,88%
17/06/2020;2.145,00;2.210,00;2.235,00;2.145,00;9,20M;-4,67%
18/06/2020;2.115,00;2.110,00;2.190,00;2.105,00;6,72M;-1,40%
19/06/2020;2.140,00;2.165,00;2.180,00;2.135,00;28,70M;1,18%
23/06/2020;2.155,00;2.145,00;2.180,00;2.125,00;7,06M;0,70%
24/06/2020;2.090,00;2.150,00;2.150,00;2.035,00;5,96M;-3,02%
25/06/2020;2.095,00;2.060,00;2.105,00;2.060,00;5,05M;0,24%
26/06/2020;2.070,00;2.090,00;2.090,00;2.060,00;4,53M;-1,19%
30/06/2020;2.075,00;2.105,00;2.120,00;2.050,00;4,24M;0,24%
1/07/2020;2.060,00;2.105,00;2.120,00;2.060,00;3,91M;-0,72%
2/07/2020;2.080,00;2.105,00;2.110,00;2.060,00;4,36M;0,97%
3/07/2020;2.100,00;2.075,00;2.100,00;2.075,00;521,13K;0,96%
6/07/2020;2.110,00;2.110,00;2.130,00;2.075,00;5,54M;0,48%
7/07/2020;2.060,00;2.070,00;2.090,00;2.055,00;10,38M;-2,37%
8/07/2020;2.090,00;2.060,00;2.090,00;2.045,00;7,98M;1,46%
9/07/2020;2.035,00;2.080,00;2.080,00;2.020,00;11,19M;-2,63%
10/07/2020;2.080,00;2.025,00;2.080,00;2.020,00;8,89M;2,21%
13/07/2020;2.100,00;2.085,00;2.105,00;2.080,00;9,31M;0,96%
14/07/2020;2.155,00;2.065,00;2.165,00;2.065,00;6,96M;2,62%
15/07/2020;2.150,00;2.170,00;2.185,00;2.125,00;7,33M;-0,23%
16/07/2020;2.180,00;2.130,00;2.180,00;2.105,00;5,27M;1,40%
17/07/2020;2.220,00;2.185,00;2.230,00;2.155,00;8,70M;1,83%
21/07/2020;2.245,00;2.190,00;2.260,00;2.185,00;7,68M;1,13%
22/07/2020;2.230,00;2.225,00;2.240,00;2.210,00;4,85M;-0,67%
23/07/2020;2.225,00;2.240,00;2.245,00;2.215,00;3,32M;-0,22%
24/07/2020;2.220,00;2.220,00;2.235,00;2.205,00;2,07M;-0,22%
27/07/2020;2.245,00;2.200,00;2.245,00;2.200,00;4,07M;1,13%
28/07/2020;2.225,00;2.255,00;2.265,00;2.200,00;6,32M;-0,89%
29/07/2020;2.250,00;2.230,00;2.250,00;2.225,00;3,33M;1,12%
30/07/2020;2.195,00;2.215,00;2.215,00;2.155,00;9,47M;-2,44%
31/07/2020;2.080,00;2.200,00;2.210,00;2.080,00;24,44M;-5,24%
3/08/2020;2.140,00;2.150,00;2.175,00;2.125,00;15,75M;2,88%
4/08/2020;2.195,00;2.100,00;2.225,00;2.100,00;11,02M;2,57%
5/08/2020;2.200,00;2.210,00;2.260,00;2.180,00;9,77M;0,23%
6/08/2020;2.170,00;2.205,00;2.210,00;2.165,00;3,80M;-1,36%
10/08/2020;2.190,00;2.190,00;2.205,00;2.180,00;818,18K;0,92%
11/08/2020;2.165,00;2.200,00;2.215,00;2.165,00;5,76M;-1,14%
12/08/2020;2.225,00;2.200,00;2.225,00;2.185,00;5,65M;2,77%
13/08/2020;2.180,00;2.210,00;2.210,00;2.180,00;2,69M;-2,02%
14/08/2020;2.200,00;2.175,00;2.200,00;2.175,00;2,04M;0,92%
18/08/2020;2.220,00;2.180,00;2.220,00;2.180,00;12,19M;0,91%
19/08/2020;2.180,00;2.185,00;2.215,00;2.180,00;10,59M;-1,80%
20/08/2020;2.165,00;2.175,00;2.175,00;2.140,00;7,95M;-0,69%
21/08/2020;2.180,00;2.150,00;2.180,00;2.150,00;7,75M;0,69%
24/08/2020;2.225,00;2.185,00;2.235,00;2.185,00;6,30M;2,06%
25/08/2020;2.245,00;2.235,00;2.260,00;2.220,00;7,44M;0,90%
26/08/2020;2.195,00;2.255,00;2.270,00;2.195,00;12,40M;-2,23%
27/08/2020;2.160,00;2.195,00;2.195,00;2.150,00;8,99M;-1,59%
28/08/2020;2.175,00;2.160,00;2.190,00;2.155,00;4,40M;0,69%
31/08/2020;2.190,00;2.190,00;2.190,00;2.135,00;16,76M;0,69%
1/09/2020;2.210,00;2.155,00;2.210,00;2.135,00;23,87M;0,91%
2/09/2020;2.175,00;2.210,00;2.210,00;2.160,00;13,49M;-1,58%
3/09/2020;2.165,00;2.155,00;2.175,00;2.125,00;7,22M;-0,46%
4/09/2020;2.145,00;2.165,00;2.170,00;2.130,00;2,83M;-0,92%
7/09/2020;2.140,00;2.130,00;2.155,00;2.130,00;1,18M;-0,23%
8/09/2020;2.080,00;2.130,00;2.130,00;2.075,00;11,07M;-2,80%
9/09/2020;2.080,00;2.085,00;2.115,00;2.080,00;7,37M;0,00%
10/09/2020;2.015,00;2.075,00;2.075,00;2.015,00;12,23M;-3,13%
11/09/2020;2.025,00;2.035,00;2.055,00;2.005,00;5,02M;0,50%
14/09/2020;2.010,00;2.030,00;2.040,00;1.995,00;6,72M;-0,74%
15/09/2020;2.045,00;2.030,00;2.050,00;2.015,00;12,39M;1,74%
16/09/2020;2.050,00;2.050,00;2.075,00;2.035,00;7,63M;0,24%
17/09/2020;2.065,00;2.040,00;2.065,00;2.020,00;7,49M;0,73%
18/09/2020;2.115,00;2.060,00;2.115,00;2.045,00;31,69M;2,42%
21/09/2020;2.020,00;2.060,00;2.065,00;2.005,00;11,74M;-4,49%
22/09/2020;2.010,00;2.030,00;2.035,00;2.000,00;26,22M;-0,50%
23/09/2020;1.985,00;2.010,00;2.010,00;1.985,00;22,12M;-1,24%
24/09/2020;1.950,00;1.985,00;1.985,00;1.945,00;10,53M;-1,76%
25/09/2020;1.920,00;1.945,00;1.945,00;1.910,00;9,72M;-1,54%
28/09/2020;1.970,00;1.950,00;1.985,00;1.945,00;5,75M;2,60%
29/09/2020;1.920,00;1.955,00;1.965,00;1.910,00;9,40M;-2,54%
30/09/2020;1.895,00;1.940,00;1.940,00;1.880,00;7,10M;-1,30%
1/10/2020;1.875,00;1.880,00;1.885,00;1.860,00;15,90M;-1,06%
2/10/2020;1.910,00;1.860,00;1.920,00;1.835,00;6,74M;1,87%
5/10/2020;1.910,00;1.933,00;1.939,00;1.902,00;5,75M;0,00%
6/10/2020;1.907,00;1.934,00;1.960,00;1.907,00;7,74M;-0,16%
7/10/2020;1.911,00;1.914,00;1.915,00;1.866,00;7,62M;0,21%
8/10/2020;1.950,00;1.920,00;1.950,00;1.916,00;6,16M;2,04%
9/10/2020;1.938,00;1.970,00;1.972,00;1.925,00;4,22M;-0,62%
13/10/2020;1.900,00;1.920,00;1.920,00;1.874,00;7,71M;-1,96%
14/10/2020;1.890,00;1.899,00;1.907,00;1.886,00;4,06M;-0,53%
15/10/2020;1.879,00;1.878,00;1.887,00;1.839,00;8,74M;-0,58%
16/10/2020;1.880,00;1.890,00;1.890,00;1.847,00;6,81M;0,05%
19/10/2020;1.872,00;1.871,00;1.916,00;1.865,00;8,64M;-0,43%
20/10/2020;1.893,00;1.870,00;1.900,00;1.870,00;4,84M;1,12%
21/10/2020;1.842,00;1.895,00;1.897,00;1.840,00;11,97M;-2,69%
22/10/2020;1.880,00;1.840,00;1.880,00;1.837,00;5,37M;2,06%
23/10/2020;1.860,00;1.844,00;1.861,00;1.842,00;3,77M;-1,06%
26/10/2020;1.849,00;1.851,00;1.851,00;1.810,00;8,03M;-0,59%
27/10/2020;1.830,00;1.822,00;1.830,00;1.811,00;9,98M;-1,03%
28/10/2020;1.715,00;1.820,00;1.820,00;1.715,00;19,29M;-6,28%
29/10/2020;1.747,00;1.710,00;1.750,00;1.615,00;7,49M;1,87%
30/10/2020;1.791,00;1.742,00;1.791,00;1.731,00;14,07M;2,52%
3/11/2020;1.822,00;1.795,00;1.848,00;1.795,00;6,24M;1,73%
4/11/2020;1.870,00;1.837,00;1.886,00;1.810,00;8,77M;2,63%
5/11/2020;1.850,00;1.861,00;1.893,00;1.850,00;4,76M;-1,07%
6/11/2020;1.833,00;1.841,00;1.866,00;1.826,00;8,03M;-0,92%
9/11/2020;1.938,00;1.870,00;1.990,00;1.870,00;25,40M;5,73%
10/11/2020;1.982,00;1.949,00;1.982,00;1.937,00;8,74M;2,27%
11/11/2020;2.015,00;1.990,00;2.025,00;1.990,00;7,80M;1,66%
12/11/2020;1.974,00;2.009,00;2.020,00;1.952,00;8,86M;-2,03%
13/11/2020;2.000,00;1.953,00;2.000,00;1.953,00;4,62M;1,32%
17/11/2020;2.135,00;2.020,00;2.135,00;2.020,00;28,21M;6,75%
18/11/2020;2.124,00;2.135,00;2.177,00;2.115,00;14,20M;-0,52%
19/11/2020;2.145,00;2.102,00;2.159,00;2.101,00;8,01M;0,99%
20/11/2020;2.153,00;2.136,00;2.153,00;2.128,00;5,13M;0,37%
23/11/2020;2.200,00;2.160,00;2.200,00;2.160,00;14,34M;2,18%
24/11/2020;2.242,00;2.200,00;2.257,00;2.200,00;19,05M;1,91%
25/11/2020;2.252,00;2.246,00;2.260,00;2.206,00;11,88M;0,45%
26/11/2020;2.210,00;2.238,00;2.239,00;2.210,00;3,88M;-1,87%
27/11/2020;2.172,00;2.219,00;2.230,00;2.160,00;14,55M;-1,72%
30/11/2020;2.081,00;2.188,00;2.188,00;2.081,00;37,34M;-4,19%
1/12/2020;2.129,00;2.106,00;2.136,00;2.102,00;7,17M;2,31%
2/12/2020;2.145,00;2.130,00;2.181,00;2.124,00;11,97M;0,75%
3/12/2020;2.120,00;2.140,00;2.160,00;2.116,00;29,32M;-1,17%
4/12/2020;2.213,00;2.159,00;2.220,00;2.150,00;11,46M;4,39%
7/12/2020;2.210,00;2.214,00;2.235,00;2.169,00;7,72M;-0,14%
9/12/2020;2.235,00;2.210,00;2.252,00;2.204,00;15,16M;1,13%
10/12/2020;2.305,00;2.240,00;2.319,00;2.240,00;23,14M;3,13%
11/12/2020;2.310,00;2.290,00;2.310,00;2.256,00;11,40M;0,22%
14/12/2020;2.287,00;2.310,00;2.335,00;2.264,00;12,27M;-1,00%
15/12/2020;2.295,00;2.288,00;2.305,00;2.258,00;10,13M;0,35%
16/12/2020;2.359,00;2.283,00;2.359,00;2.277,00;12,16M;2,79%
17/12/2020;2.370,00;2.360,00;2.380,00;2.354,00;10,12M;0,47%
18/12/2020;2.326,00;2.370,00;2.373,00;2.326,00;22,10M;-1,86%
21/12/2020;2.215,00;2.310,00;2.310,00;2.215,00;15,48M;-4,77%
22/12/2020;2.240,00;2.215,00;2.265,00;2.215,00;6,34M;1,13%
23/12/2020;2.297,00;2.280,00;2.300,00;2.275,00;4,00M;2,54%
24/12/2020;2.287,00;2.280,00;2.289,00;2.254,00;987,01K;-0,44%
28/12/2020;2.278,00;2.267,00;2.300,00;2.259,00;4,51M;-0,39%
29/12/2020;2.289,00;2.278,00;2.291,00;2.257,00;4,35M;0,48%
30/12/2020;2.245,00;2.280,00;2.289,00;2.245,00;2,99M;-1,92%
4/01/2021;2.242,00;2.245,00;2.269,00;2.213,00;4,04M;-0,13%
5/01/2021;2.292,00;2.238,00;2.317,00;2.238,00;17,31M;2,23%
6/01/2021;2.308,00;2.283,00;2.320,00;2.275,00;9,28M;0,70%
7/01/2021;2.373,00;2.324,00;2.380,00;2.315,00;10,95M;2,82%
8/01/2021;2.399,00;2.374,00;2.402,00;2.336,00;9,13M;1,10%
12/01/2021;2.459,00;2.395,00;2.459,00;2.395,00;17,95M;2,50%
13/01/2021;2.438,00;2.460,00;2.468,00;2.420,00;10,62M;-0,85%
14/01/2021;2.484,00;2.440,00;2.491,00;2.440,00;17,95M;1,89%
15/01/2021;2.420,00;2.464,00;2.474,00;2.413,00;25,65M;-2,58%
18/01/2021;2.440,00;2.415,00;2.440,00;2.380,00;2,23M;0,83%
19/01/2021;2.450,00;2.450,00;2.469,00;2.425,00;6,48M;0,41%
20/01/2021;2.437,00;2.460,00;2.466,00;2.429,00;9,72M;-0,53%
21/01/2021;2.408,00;2.452,00;2.452,00;2.402,00;12,31M;-1,19%
22/01/2021;2.354,00;2.385,00;2.390,00;2.330,00;6,36M;-2,24%
25/01/2021;2.324,00;2.342,00;2.352,00;2.300,00;9,99M;-1,27%
26/01/2021;2.364,00;2.324,00;2.375,00;2.324,00;6,23M;1,72%
27/01/2021;2.230,00;2.316,00;2.320,00;2.221,00;25,13M;-5,67%
28/01/2021;2.145,00;2.225,00;2.237,00;2.143,00;15,72M;-3,81%
29/01/2021;2.030,00;2.140,00;2.140,00;2.030,00;31,09M;-5,36%
1/02/2021;2.090,00;2.068,00;2.110,00;2.028,00;14,43M;2,96%
2/02/2021;2.091,00;2.115,00;2.157,00;2.091,00;17,36M;0,05%
3/02/2021;2.090,00;2.149,00;2.150,00;2.090,00;11,24M;-0,05%
4/02/2021;2.135,00;2.130,00;2.135,00;2.088,00;5,47M;2,15%
5/02/2021;2.155,00;2.135,00;2.177,00;2.135,00;7,02M;0,94%
8/02/2021;2.200,00;2.160,00;2.210,00;2.160,00;11,65M;2,09%
9/02/2021;2.203,00;2.200,00;2.211,00;2.183,00;9,57M;0,14%
10/02/2021;2.195,00;2.196,00;2.200,00;2.176,00;5,51M;-0,36%
11/02/2021;2.140,00;2.180,00;2.180,00;2.138,00;4,31M;-2,51%
12/02/2021;2.150,00;2.135,00;2.162,00;2.120,00;5,86M;0,47%
15/02/2021;2.190,00;2.200,00;2.200,00;2.169,00;1,32M;1,86%
16/02/2021;2.210,00;2.189,00;2.219,00;2.189,00;8,81M;0,91%
17/02/2021;2.200,00;2.212,00;2.224,00;2.181,00;13,24M;-0,45%
18/02/2021;2.156,00;2.207,00;2.213,00;2.156,00;15,46M;-2,00%
19/02/2021;2.165,00;2.160,00;2.172,00;2.146,00;18,14M;0,42%
22/02/2021;2.233,00;2.156,00;2.242,00;2.155,00;18,27M;3,14%
23/02/2021;2.291,00;2.233,00;2.305,00;2.200,00;12,50M;2,60%
24/02/2021;2.309,00;2.305,00;2.325,00;2.260,00;11,90M;0,79%
25/02/2021;2.280,00;2.300,00;2.349,00;2.280,00;11,39M;-1,26%
26/02/2021;2.250,00;2.260,00;2.260,00;2.200,00;8,80M;-1,32%
1/03/2021;2.246,00;2.265,00;2.293,00;2.246,00;4,62M;-0,18%
2/03/2021;2.245,00;2.250,00;2.275,00;2.240,00;4,33M;-0,04%
3/03/2021;2.255,00;2.260,00;2.283,00;2.254,00;12,69M;0,45%
4/03/2021;2.279,00;2.275,00;2.335,00;2.249,00;17,90M;1,06%
5/03/2021;2.400,00;2.300,00;2.420,00;2.300,00;29,17M;5,31%
8/03/2021;2.347,00;2.415,00;2.420,00;2.335,00;7,69M;-2,21%
9/03/2021;2.339,00;2.347,00;2.347,00;2.310,00;10,45M;-0,34%
10/03/2021;2.373,00;2.327,00;2.379,00;2.310,00;5,88M;1,45%
11/03/2021;2.368,00;2.377,00;2.403,00;2.368,00;8,90M;-0,21%
12/03/2021;2.378,00;2.375,00;2.384,00;2.356,00;5,57M;0,42%
15/03/2021;2.480,00;2.380,00;2.480,00;2.380,00;24,15M;4,29%
16/03/2021;2.460,00;2.480,00;2.480,00;2.446,00;8,98M;-0,81%
17/03/2021;2.457,00;2.458,00;2.480,00;2.435,00;6,26M;-0,12%
18/03/2021;2.350,00;2.445,00;2.445,00;2.320,00;17,13M;-4,35%
19/03/2021;2.370,00;2.320,00;2.412,00;2.306,00;25,82M;0,85%
23/03/2021;2.281,00;2.350,00;2.350,00;2.274,00;6,63M;-3,76%
24/03/2021;2.333,00;2.310,00;2.380,00;2.310,00;6,77M;2,28%
25/03/2021;2.315,00;2.318,00;2.331,00;2.281,00;9,23M;-0,77%
26/03/2021;2.351,00;2.360,00;2.367,00;2.342,00;8,82M;1,56%
29/03/2021;2.388,00;2.348,00;2.390,00;2.348,00;6,57M;1,57%
30/03/2021;2.373,00;2.379,00;2.379,00;2.359,00;3,21M;-0,63%
31/03/2021;2.366,00;2.366,00;2.380,00;2.330,00;4,42M;-0,29%
5/04/2021;2.325,00;2.333,00;2.340,00;2.300,00;4,52M;-1,73%
6/04/2021;2.289,00;2.330,00;2.354,00;2.289,00;5,47M;-1,55%
7/04/2021;2.337,00;2.285,00;2.344,00;2.273,00;7,00M;2,10%
8/04/2021;2.281,00;2.305,00;2.319,00;2.281,00;11,34M;-2,40%
9/04/2021;2.260,00;2.284,00;2.298,00;2.255,00;6,05M;-0,92%
12/04/2021;2.287,00;2.290,00;2.290,00;2.260,00;3,66M;1,19%
13/04/2021;2.280,00;2.295,00;2.300,00;2.274,00;5,26M;-0,31%
14/04/2021;2.344,00;2.300,00;2.355,00;2.300,00;12,26M;2,81%
15/04/2021;2.319,00;2.330,00;2.331,00;2.306,00;2,19M;-1,07%
16/04/2021;2.301,00;2.311,00;2.317,00;2.292,00;5,42M;-0,78%
19/04/2021;2.300,00;2.301,00;2.319,00;2.290,00;2,27M;-0,04%
20/04/2021;2.281,00;2.300,00;2.300,00;2.253,00;14,07M;-0,83%
21/04/2021;2.262,00;2.260,00;2.270,00;2.245,00;14,92M;-0,83%
22/04/2021;2.250,00;2.262,00;2.267,00;2.247,00;3,52M;-0,53%
23/04/2021;2.228,00;2.250,00;2.256,00;2.224,00;5,20M;-0,98%
26/04/2021;2.270,00;2.225,00;2.287,00;2.220,00;7,84M;1,89%
27/04/2021;2.287,00;2.291,00;2.302,00;2.269,00;7,80M;0,75%
28/04/2021;2.332,00;2.290,00;2.339,00;2.290,00;9,59M;1,97%
29/04/2021;2.310,00;2.338,00;2.374,00;2.310,00;6,36M;-0,94%
30/04/2021;2.210,00;2.299,00;2.299,00;2.210,00;33,07M;-4,33%
3/05/2021;2.219,00;2.200,00;2.267,00;2.200,00;9,01M;0,41%
4/05/2021;2.225,00;2.225,00;2.254,00;2.213,00;5,70M;0,27%
5/05/2021;2.288,00;2.249,00;2.297,00;2.240,00;10,64M;2,83%
6/05/2021;2.291,00;2.288,00;2.291,00;2.245,00;4,46M;0,13%
7/05/2021;2.288,00;2.276,00;2.313,00;2.243,00;5,01M;-0,13%
10/05/2021;2.357,00;2.310,00;2.364,00;2.310,00;9,74M;3,02%
11/05/2021;2.315,00;2.350,00;2.350,00;2.270,00;6,64M;-1,78%
12/05/2021;2.370,00;2.305,00;2.383,00;2.305,00;11,85M;2,38%
13/05/2021;2.301,00;2.335,00;2.370,00;2.283,00;5,13M;-2,91%
14/05/2021;2.387,00;2.330,00;2.394,00;2.330,00;8,70M;3,74%
18/05/2021;2.355,00;2.394,00;2.418,00;2.331,00;6,44M;-1,34%
19/05/2021;2.347,00;2.350,00;2.355,00;2.292,00;10,01M;-0,34%
20/05/2021;2.314,00;2.335,00;2.335,00;2.290,00;6,54M;-1,41%
21/05/2021;2.285,00;2.335,00;2.345,00;2.285,00;7,90M;-1,25%
24/05/2021;2.294,00;2.310,00;2.315,00;2.285,00;3,22M;0,39%
25/05/2021;2.235,00;2.285,00;2.288,00;2.235,00;6,17M;-2,57%
26/05/2021;2.220,00;2.225,00;2.234,00;2.210,00;1,70M;-0,67%
27/05/2021;2.220,00;2.220,00;2.220,00;2.151,00;23,71M;0,00%
28/05/2021;2.211,00;2.209,00;2.243,00;2.195,00;6,99M;-0,41%
31/05/2021;2.190,00;2.210,00;2.228,00;2.190,00;3,70M;-0,95%
1/06/2021;2.276,00;2.245,00;2.290,00;2.230,00;4,84M;3,93%
2/06/2021;2.340,00;2.278,00;2.355,00;2.278,00;6,77M;2,81%
3/06/2021;2.360,00;2.340,00;2.369,00;2.340,00;4,38M;0,85%
4/06/2021;2.355,00;2.361,00;2.370,00;2.333,00;4,95M;-0,21%
8/06/2021;2.396,00;2.325,00;2.396,00;2.325,00;5,23M;1,74%
9/06/2021;2.370,00;2.396,00;2.410,00;2.360,00;6,41M;-1,09%
10/06/2021;2.385,00;2.384,00;2.403,00;2.370,00;6,95M;0,63%
11/06/2021;2.391,00;2.370,00;2.403,00;2.365,00;2,20M;0,25%
15/06/2021;2.439,00;2.390,00;2.439,00;2.380,00;12,10M;2,01%
16/06/2021;2.409,00;2.429,00;2.440,00;2.405,00;5,18M;-1,23%
17/06/2021;2.392,00;2.425,00;2.425,00;2.362,00;4,53M;-0,71%
18/06/2021;2.397,00;2.375,00;2.405,00;2.355,00;13,50M;0,21%
21/06/2021;2.460,00;2.394,00;2.474,00;2.394,00;12,34M;2,63%
22/06/2021;2.481,00;2.472,00;2.492,00;2.441,00;7,77M;0,85%
23/06/2021;2.522,00;2.494,00;2.545,00;2.494,00;8,20M;1,65%
24/06/2021;2.750,00;2.545,00;2.780,00;2.545,00;22,18M;9,04%
25/06/2021;2.770,00;2.750,00;2.790,00;2.730,00;7,66M;0,73%
28/06/2021;2.718,00;2.740,00;2.740,00;2.680,00;7,15M;-1,88%
29/06/2021;2.717,00;2.718,00;2.743,00;2.706,00;3,17M;-0,04%
30/06/2021;2.722,00;2.740,00;2.746,00;2.712,00;5,48M;0,18%
1/07/2021;2.819,00;2.760,00;2.819,00;2.757,00;7,29M;3,56%
2/07/2021;2.851,00;2.810,00;2.875,00;2.770,00;4,17M;1,14%
6/07/2021;2.789,00;2.865,00;2.875,00;2.775,00;8,43M;-2,17%
7/07/2021;2.800,00;2.789,00;2.811,00;2.758,00;5,50M;0,39%
8/07/2021;2.753,00;2.791,00;2.800,00;2.745,00;9,24M;-1,68%
9/07/2021;2.761,00;2.789,00;2.799,00;2.750,00;4,28M;0,29%
12/07/2021;2.750,00;2.740,00;2.753,00;2.730,00;5,33M;-0,40%
13/07/2021;2.720,00;2.753,00;2.757,00;2.710,00;5,48M;-1,09%
14/07/2021;2.650,00;2.728,00;2.730,00;2.650,00;9,93M;-2,57%
15/07/2021;2.570,00;2.653,00;2.653,00;2.565,00;18,39M;-3,02%
16/07/2021;2.560,00;2.570,00;2.602,00;2.530,00;11,46M;-0,39%
19/07/2021;2.448,00;2.540,00;2.540,00;2.440,00;13,62M;-4,38%
21/07/2021;2.535,00;2.489,00;2.548,00;2.489,00;9,62M;3,55%
22/07/2021;2.550,00;2.537,00;2.558,00;2.529,00;3,37M;0,59%
23/07/2021;2.551,00;2.551,00;2.551,00;2.491,00;4,66M;0,04%
26/07/2021;2.597,00;2.551,00;2.615,00;2.551,00;3,49M;1,80%
27/07/2021;2.600,00;2.590,00;2.609,00;2.572,00;3,55M;0,12%
28/07/2021;2.611,00;2.607,00;2.630,00;2.585,00;3,60M;0,42%
29/07/2021;2.646,00;2.620,00;2.664,00;2.620,00;4,51M;1,34%
30/07/2021;2.633,00;2.621,00;2.635,00;2.592,00;4,25M;-0,49%
2/08/2021;2.598,00;2.633,00;2.660,00;2.570,00;7,13M;-1,33%
3/08/2021;2.620,00;2.551,00;2.620,00;2.513,00;6,64M;0,85%
4/08/2021;2.564,00;2.640,00;2.640,00;2.546,00;7,12M;-2,14%
5/08/2021;2.527,00;2.560,00;2.592,00;2.519,00;5,40M;-1,44%
6/08/2021;2.547,00;2.527,00;2.547,00;2.510,00;6,27M;0,79%
9/08/2021;2.590,00;2.505,00;2.590,00;2.496,00;2,65M;1,69%
10/08/2021;2.598,00;2.595,00;2.624,00;2.591,00;3,19M;0,31%
11/08/2021;2.639,00;2.598,00;2.639,00;2.589,00;4,48M;1,58%
12/08/2021;2.622,00;2.645,00;2.670,00;2.580,00;14,42M;-0,64%
13/08/2021;2.586,00;2.590,00;2.606,00;2.561,00;10,14M;-1,37%
17/08/2021;2.580,00;2.551,00;2.580,00;2.490,00;16,81M;-0,23%
18/08/2021;2.568,00;2.573,00;2.611,00;2.560,00;19,94M;-0,47%
19/08/2021;2.520,00;2.540,00;2.540,00;2.470,00;26,28M;-1,87%
20/08/2021;2.536,00;2.502,00;2.550,00;2.480,00;8,75M;0,63%
23/08/2021;2.644,00;2.551,00;2.644,00;2.551,00;13,50M;4,26%
24/08/2021;2.671,00;2.648,00;2.690,00;2.648,00;7,43M;1,02%
25/08/2021;2.676,00;2.671,00;2.681,00;2.662,00;5,72M;0,19%
26/08/2021;2.632,00;2.669,00;2.675,00;2.630,00;4,77M;-1,64%
27/08/2021;2.660,00;2.650,00;2.676,00;2.640,00;3,75M;1,06%
30/08/2021;2.649,00;2.635,00;2.660,00;2.500,00;6,05M;-0,41%
31/08/2021;2.643,00;2.627,00;2.645,00;2.611,00;13,55M;-0,23%
1/09/2021;2.590,00;2.622,00;2.632,00;2.585,00;5,80M;-2,01%
2/09/2021;2.670,00;2.627,00;2.674,00;2.625,00;7,58M;3,09%
3/09/2021;2.635,00;2.665,00;2.665,00;2.618,00;4,59M;-1,31%
6/09/2021;2.634,00;2.628,00;2.640,00;2.625,00;460,79K;-0,04%
7/09/2021;2.606,00;2.626,00;2.645,00;2.604,00;5,05M;-1,06%
8/09/2021;2.593,00;2.630,00;2.631,00;2.581,00;9,49M;-0,50%
9/09/2021;2.570,00;2.580,00;2.625,00;2.548,00;7,11M;-0,89%
10/09/2021;2.553,00;2.593,00;2.600,00;2.541,00;8,58M;-0,66%
13/09/2021;2.572,00;2.550,00;2.602,00;2.550,00;3,62M;0,74%
14/09/2021;2.550,00;2.572,00;2.590,00;2.530,00;10,55M;-0,86%
15/09/2021;2.620,00;2.579,00;2.640,00;2.579,00;9,32M;2,75%
16/09/2021;2.615,00;2.597,00;2.619,00;2.561,00;9,00M;-0,19%
17/09/2021;2.566,00;2.600,00;2.600,00;2.563,00;32,81M;-1,87%
20/09/2021;2.520,00;2.555,00;2.555,00;2.501,00;10,27M;-1,79%
21/09/2021;2.529,00;2.520,00;2.554,00;2.515,00;6,92M;0,36%
22/09/2021;2.570,00;2.548,00;2.579,00;2.548,00;5,16M;1,62%
23/09/2021;2.590,00;2.574,00;2.604,00;2.570,00;3,83M;0,78%
24/09/2021;2.550,00;2.575,00;2.587,00;2.540,00;3,23M;-1,54%
27/09/2021;2.671,00;2.560,00;2.690,00;2.560,00;24,69M;4,75%
28/09/2021;2.699,00;2.675,00;2.761,00;2.671,00;14,93M;1,05%
29/09/2021;2.706,00;2.700,00;2.720,00;2.691,00;6,87M;0,26%
30/09/2021;2.734,00;2.700,00;2.735,00;2.670,00;9,12M;1,03%
1/10/2021;2.769,00;2.725,00;2.781,00;2.720,00;12,98M;1,28%
4/10/2021;2.825,00;2.776,00;2.846,00;2.776,00;13,93M;2,02%
5/10/2021;2.810,00;2.830,00;2.865,00;2.810,00;13,28M;-0,53%
6/10/2021;2.810,00;2.800,00;2.810,00;2.757,00;7,35M;0,00%
7/10/2021;2.860,00;2.810,00;2.885,00;2.803,00;15,71M;1,78%
8/10/2021;2.908,00;2.880,00;2.920,00;2.880,00;8,84M;1,68%
11/10/2021;2.944,00;2.930,00;2.982,00;2.930,00;6,45M;1,24%
12/10/2021;2.904,00;2.930,00;2.960,00;2.904,00;5,26M;-1,36%
13/10/2021;2.909,00;2.901,00;2.920,00;2.883,00;8,21M;0,17%
14/10/2021;2.918,00;2.915,00;2.950,00;2.912,00;8,19M;0,31%
15/10/2021;2.960,00;2.924,00;2.960,00;2.920,00;6,91M;1,44%
19/10/2021;2.953,00;2.937,00;2.990,00;2.922,00;6,66M;-0,24%
20/10/2021;2.937,00;2.947,00;2.960,00;2.931,00;3,98M;-0,54%
21/10/2021;2.910,00;2.920,00;2.929,00;2.875,00;8,17M;-0,92%
22/10/2021;2.890,00;2.905,00;2.905,00;2.886,00;5,46M;-0,69%
25/10/2021;2.890,00;2.910,00;2.920,00;2.866,00;6,21M;0,00%
26/10/2021;2.930,00;2.876,00;2.930,00;2.870,00;9,55M;1,38%
27/10/2021;2.867,00;2.900,00;2.925,00;2.860,00;11,16M;-2,15%
28/10/2021;2.890,00;2.860,00;2.898,00;2.850,00;6,98M;0,80%
29/10/2021;2.847,00;2.880,00;2.880,00;2.830,00;14,65M;-1,49%
2/11/2021;2.854,00;2.869,00;2.869,00;2.847,00;6,75M;0,25%
3/11/2021;2.890,00;2.850,00;2.890,00;2.840,00;8,94M;1,26%
4/11/2021;2.871,00;2.890,00;2.950,00;2.865,00;9,50M;-0,66%
5/11/2021;2.877,00;2.886,00;2.890,00;2.877,00;4,64M;0,21%
8/11/2021;2.923,00;2.870,00;2.923,00;2.870,00;5,64M;1,60%
9/11/2021;2.937,00;2.901,00;2.945,00;2.894,00;6,46M;0,48%
10/11/2021;2.880,00;2.940,00;2.956,00;2.860,00;12,14M;-1,94%
11/11/2021;2.864,00;2.899,00;2.909,00;2.855,00;4,44M;-0,56%
12/11/2021;2.840,00;2.850,00;2.876,00;2.820,00;4,06M;-0,84%
16/11/2021;2.760,00;2.820,00;2.840,00;2.760,00;5,61M;-2,82%
17/11/2021;2.770,00;2.760,00;2.781,00;2.711,00;6,31M;0,36%
18/11/2021;2.759,00;2.730,00;2.759,00;2.703,00;8,22M;-0,40%
19/11/2021;2.645,00;2.730,00;2.730,00;2.640,00;9,31M;-4,13%
22/11/2021;2.620,00;2.645,00;2.675,00;2.620,00;4,20M;-0,95%
23/11/2021;2.660,00;2.656,00;2.668,00;2.647,00;3,98M;1,53%
24/11/2021;2.684,00;2.665,00;2.684,00;2.664,00;1,70M;0,90%
25/11/2021;2.670,00;2.680,00;2.687,00;2.662,00;624,43K;-0,52%
26/11/2021;2.536,00;2.660,00;2.660,00;2.503,00;11,30M;-5,02%
29/11/2021;2.595,00;2.595,00;2.629,00;2.570,00;19,03M;2,33%
30/11/2021;2.600,00;2.551,00;2.600,00;2.541,00;23,60M;0,19%
1/12/2021;2.600,00;2.600,00;2.720,00;2.600,00;9,45M;0,00%
2/12/2021;2.659,00;2.580,00;2.675,00;2.580,00;6,13M;2,27%
3/12/2021;2.661,00;2.665,00;2.709,00;2.654,00;10,71M;0,08%
6/12/2021;2.688,00;2.700,00;2.719,00;2.680,00;3,07M;1,01%
7/12/2021;2.720,00;2.700,00;2.735,00;2.700,00;3,42M;1,19%
9/12/2021;2.710,00;2.712,00;2.727,00;2.701,00;3,48M;-0,37%
10/12/2021;2.707,00;2.729,00;2.729,00;2.688,00;3,07M;-0,11%
13/12/2021;2.631,00;2.700,00;2.700,00;2.631,00;2,95M;-2,81%
14/12/2021;2.613,00;2.630,00;2.642,00;2.613,00;2,72M;-0,68%
15/12/2021;2.600,00;2.600,00;2.619,00;2.581,00;1,95M;-0,50%
16/12/2021;2.643,00;2.600,00;2.643,00;2.581,00;8,04M;1,65%
17/12/2021;2.645,00;2.615,00;2.660,00;2.600,00;14,46M;0,08%
20/12/2021;2.581,00;2.600,00;2.600,00;2.555,00;8,69M;-2,42%
21/12/2021;2.597,00;2.585,00;2.631,00;2.585,00;3,22M;0,62%
22/12/2021;2.651,00;2.594,00;2.651,00;2.590,00;2,60M;2,08%
23/12/2021;2.650,00;2.655,00;2.681,00;2.640,00;1,04M;-0,04%
24/12/2021;2.647,00;2.645,00;2.647,00;2.640,00;103,84K;-0,11%
27/12/2021;2.698,00;2.640,00;2.698,00;2.623,00;1,57M;1,93%
28/12/2021;2.695,00;2.699,00;2.730,00;2.670,00;1,88M;-0,11%
29/12/2021;2.700,00;2.681,00;2.700,00;2.655,00;1,24M;0,19%
30/12/2021;2.690,00;2.700,00;2.700,00;2.645,00;1,87M;-0,37%
3/01/2022;2.720,00;2.651,00;2.728,00;2.651,00;1,49M;1,12%
4/01/2022;2.740,00;2.730,00;2.752,00;2.720,00;1,84M;0,74%
5/01/2022;2.660,00;2.750,00;2.759,00;2.651,00;3,49M;-2,92%
6/01/2022;2.615,00;2.669,00;2.693,00;2.605,00;2,92M;-1,69%
7/01/2022;2.651,00;2.670,00;2.690,00;2.615,00;1,89M;1,38%
11/01/2022;2.761,00;2.654,00;2.764,00;2.633,00;5,38M;4,15%
12/01/2022;2.790,00;2.770,00;2.820,00;2.750,00;6,45M;1,05%
13/01/2022;2.798,00;2.763,00;2.808,00;2.740,00;12,69M;0,29%
14/01/2022;2.801,00;2.765,00;2.850,00;2.765,00;16,31M;0,11%
17/01/2022;2.910,00;2.820,00;2.910,00;2.811,00;16,61M;3,89%
18/01/2022;3.010,00;2.920,00;3.030,00;2.920,00;36,91M;3,44%
19/01/2022;2.990,00;3.010,00;3.080,00;2.980,00;23,15M;-0,66%
20/01/2022;2.906,00;2.990,00;2.990,00;2.900,00;8,40M;-2,81%
21/01/2022;2.851,00;2.900,00;2.905,00;2.829,00;13,86M;-1,89%
24/01/2022;2.824,00;2.837,00;2.837,00;2.790,00;13,37M;-0,95%
25/01/2022;2.895,00;2.821,00;2.910,00;2.801,00;11,36M;2,51%
26/01/2022;2.891,00;2.915,00;2.950,00;2.890,00;11,89M;-0,14%
27/01/2022;2.905,00;2.916,00;2.938,00;2.880,00;4,16M;0,48%
28/01/2022;2.886,00;2.920,00;2.950,00;2.878,00;5,77M;-0,65%
31/01/2022;2.905,00;2.886,00;2.930,00;2.865,00;6,13M;0,66%
1/02/2022;2.882,00;2.905,00;2.917,00;2.875,00;5,06M;-0,79%
2/02/2022;2.889,00;2.890,00;2.908,00;2.876,00;6,62M;0,24%
3/02/2022;2.838,00;2.890,00;2.890,00;2.817,00;4,88M;-1,77%
4/02/2022;2.901,00;2.846,00;2.949,00;2.846,00;9,72M;2,22%
7/02/2022;2.934,00;2.918,00;2.937,00;2.890,00;7,40M;1,14%
8/02/2022;2.915,00;2.940,00;2.985,00;2.890,00;8,90M;-0,65%
9/02/2022;2.899,00;2.915,00;2.919,00;2.884,00;2,79M;-0,55%
10/02/2022;2.850,00;2.880,00;2.937,00;2.850,00;7,21M;-1,69%
11/02/2022;2.972,00;2.870,00;2.972,00;2.870,00;13,70M;4,28%
14/02/2022;2.946,00;2.953,00;2.970,00;2.911,00;11,58M;-0,87%
15/02/2022;2.918,00;2.934,00;2.934,00;2.881,00;15,18M;-0,95%
16/02/2022;3.017,00;2.940,00;3.050,00;2.940,00;36,61M;3,39%
17/02/2022;3.015,00;3.000,00;3.037,00;2.991,00;6,27M;-0,07%
18/02/2022;2.997,00;3.015,00;3.015,00;2.980,00;4,79M;-0,60%
21/02/2022;3.009,00;2.997,00;3.012,00;2.990,00;3,81M;0,40%
22/02/2022;3.025,00;3.010,00;3.077,00;3.004,00;13,49M;0,53%
23/02/2022;3.054,00;3.040,00;3.073,00;3.011,00;5,15M;0,96%
24/02/2022;3.056,00;3.055,00;3.149,00;3.025,00;13,39M;0,07%
25/02/2022;3.064,00;3.050,00;3.064,00;3.020,00;5,74M;0,26%
28/02/2022;3.263,00;3.012,00;3.263,00;3.012,00;34,52M;6,49%
1/03/2022;3.239,00;3.250,00;3.349,00;3.180,00;16,22M;-0,74%
2/03/2022;3.176,00;3.250,00;3.332,00;3.151,00;10,98M;-1,95%
3/03/2022;3.204,00;3.170,00;3.229,00;3.120,00;12,46M;0,88%
4/03/2022;3.340,00;3.210,00;3.343,00;3.210,00;16,24M;4,24%
7/03/2022;3.400,00;3.340,00;3.403,00;3.338,00;24,66M;1,80%
8/03/2022;3.390,00;3.410,00;3.475,00;3.290,00;19,96M;-0,29%
9/03/2022;3.271,00;3.360,00;3.360,00;3.240,00;15,82M;-3,51%
10/03/2022;3.358,00;3.263,00;3.370,00;3.263,00;15,20M;2,66%
11/03/2022;3.400,00;3.358,00;3.420,00;3.358,00;11,97M;1,25%
14/03/2022;3.207,00;3.370,00;3.370,00;3.185,00;19,35M;-5,68%
15/03/2022;3.200,00;3.180,00;3.203,00;3.066,00;19,91M;-0,22%
16/03/2022;3.180,00;3.201,00;3.252,00;3.158,00;9,24M;-0,63%
17/03/2022;3.335,00;3.215,00;3.340,00;3.215,00;12,91M;4,87%
18/03/2022;3.270,00;3.333,00;3.333,00;3.260,00;23,47M;-1,95%
22/03/2022;3.359,00;3.340,00;3.370,00;3.321,00;4,47M;2,72%
23/03/2022;3.530,00;3.370,00;3.569,00;3.370,00;23,48M;5,09%
24/03/2022;3.535,00;3.528,00;3.550,00;3.477,00;13,64M;0,14%
25/03/2022;3.590,00;3.500,00;3.610,00;3.499,00;11,20M;1,56%
28/03/2022;3.500,00;3.550,00;3.550,00;3.479,00;6,93M;-2,51%
29/03/2022;3.479,00;3.490,00;3.490,00;3.414,00;10,33M;-0,60%
30/03/2022;3.517,00;3.500,00;3.540,00;3.495,00;8,97M;1,09%
31/03/2022;3.538,00;3.495,00;3.538,00;3.486,00;8,62M;0,60%
1/04/2022;3.530,00;3.533,00;3.598,00;3.518,00;9,92M;-0,23%
4/04/2022;3.534,00;3.515,00;3.568,00;3.495,00;4,05M;0,11%
5/04/2022;3.607,00;3.533,00;3.620,00;3.533,00;6,64M;2,07%
6/04/2022;3.543,00;3.580,00;3.660,00;3.541,00;12,41M;-1,77%
7/04/2022;3.610,00;3.600,00;3.610,00;3.529,00;5,51M;1,89%
8/04/2022;3.570,00;3.628,00;3.646,00;3.570,00;12,12M;-1,11%
11/04/2022;3.527,00;3.550,00;3.589,00;3.515,00;5,13M;-1,20%
12/04/2022;3.580,00;3.570,00;3.625,00;3.560,00;5,71M;1,50%
13/04/2022;3.346,00;3.520,00;3.520,00;3.330,00;8,60M;-6,54%
18/04/2022;3.333,00;3.349,00;3.397,00;3.321,00;9,59M;-0,39%
19/04/2022;3.349,00;3.337,00;3.359,00;3.303,00;9,38M;0,48%
20/04/2022;3.399,00;3.349,00;3.399,00;3.331,00;13,84M;1,49%
21/04/2022;3.314,00;3.400,00;3.430,00;3.292,00;14,07M;-2,50%
22/04/2022;3.355,00;3.293,00;3.355,00;3.280,00;12,12M;1,24%
25/04/2022;3.280,00;3.316,00;3.316,00;3.210,00;16,78M;-2,24%
26/04/2022;3.246,00;3.308,00;3.328,00;3.246,00;10,59M;-1,04%
27/04/2022;3.280,00;3.255,00;3.309,00;3.212,00;9,82M;1,05%
29/04/2022;3.206,00;3.328,00;3.341,00;3.192,00;7,92M;-2,26%
2/05/2022;3.252,00;3.200,00;3.252,00;3.169,00;6,98M;1,43%
3/05/2022;3.313,00;3.249,00;3.324,00;3.233,00;9,99M;1,88%
4/05/2022;3.425,00;3.320,00;3.435,00;3.319,00;19,45M;3,38%
5/05/2022;3.315,00;3.435,00;3.480,00;3.306,00;9,72M;-3,21%
6/05/2022;3.278,00;3.310,00;3.332,00;3.261,00;3,96M;-1,12%
9/05/2022;3.095,00;3.250,00;3.250,00;3.090,00;14,98M;-5,58%
10/05/2022;3.079,00;3.110,00;3.165,00;3.027,00;6,82M;-0,52%
11/05/2022;3.080,00;3.130,00;3.180,00;3.080,00;15,29M;0,03%
12/05/2022;3.050,00;3.096,00;3.100,00;3.028,00;7,44M;-0,97%
13/05/2022;3.102,00;3.100,00;3.132,00;3.072,00;7,71M;1,70%
16/05/2022;3.100,00;3.098,00;3.153,00;3.090,00;9,14M;-0,06%
17/05/2022;3.085,00;3.100,00;3.125,00;3.085,00;9,93M;-0,48%
18/05/2022;2.892,00;3.075,00;3.101,00;2.872,00;15,35M;-6,26%
19/05/2022;2.800,00;2.892,00;2.930,00;2.800,00;10,09M;-3,18%
20/05/2022;2.839,00;2.800,00;2.863,00;2.740,00;7,98M;1,39%
23/05/2022;2.890,00;2.790,00;2.911,00;2.790,00;5,34M;1,80%
24/05/2022;2.877,00;2.885,00;2.902,00;2.841,00;3,30M;-0,45%
25/05/2022;2.915,00;2.900,00;2.943,00;2.880,00;5,71M;1,32%
26/05/2022;2.950,00;2.915,00;2.994,00;2.915,00;5,79M;1,20%
27/05/2022;2.999,00;2.950,00;3.000,00;2.910,00;4,95M;1,66%
31/05/2022;3.120,00;3.000,00;3.307,00;3.000,00;46,27M;4,03%
1/06/2022;3.298,00;3.230,00;3.300,00;3.220,00;11,25M;5,71%
2/06/2022;3.252,00;3.270,00;3.280,00;3.240,00;7,13M;-1,39%
3/06/2022;3.300,00;3.242,00;3.307,00;3.223,00;11,60M;1,48%
6/06/2022;3.269,00;3.290,00;3.320,00;3.260,00;4,60M;-0,94%
7/06/2022;3.290,00;3.269,00;3.293,00;3.257,00;7,17M;0,64%
8/06/2022;3.250,00;3.299,00;3.299,00;3.250,00;4,92M;-1,22%
9/06/2022;3.175,00;3.244,00;3.244,00;3.175,00;8,73M;-2,31%
10/06/2022;3.150,00;3.160,00;3.170,00;3.101,00;6,34M;-0,79%
13/06/2022;3.000,00;3.140,00;3.170,00;3.000,00;9,14M;-4,76%
14/06/2022;2.970,00;3.005,00;3.068,00;2.935,00;6,09M;-1,00%
15/06/2022;2.869,00;2.970,00;2.970,00;2.851,00;7,05M;-3,40%
16/06/2022;2.815,00;2.860,00;2.865,00;2.800,00;11,73M;-1,88%
17/06/2022;2.760,00;2.815,00;2.815,00;2.685,00;39,52M;-1,95%
21/06/2022;2.431,00;2.710,00;2.710,00;2.373,00;25,00M;-11,92%
22/06/2022;2.321,00;2.401,00;2.401,00;2.300,00;12,48M;-4,52%
23/06/2022;2.005,00;2.300,00;2.300,00;2.005,00;26,27M;-13,61%
24/06/2022;2.139,00;2.062,00;2.160,00;2.020,00;11,75M;6,68%
28/06/2022;2.379,00;2.250,00;2.380,00;2.250,00;19,86M;11,22%
29/06/2022;2.273,00;2.390,00;2.410,00;2.273,00;20,33M;-4,46%
30/06/2022;2.253,00;2.270,00;2.311,00;2.228,00;9,05M;-0,88%
1/07/2022;2.350,00;2.270,00;2.350,00;2.227,00;10,70M;4,31%
5/07/2022;2.173,00;2.355,00;2.390,00;2.135,00;8,61M;-7,53%
6/07/2022;2.152,00;2.170,00;2.180,00;2.098,00;13,91M;-0,97%
7/07/2022;2.280,00;2.200,00;2.280,00;2.200,00;4,97M;5,95%
8/07/2022;2.300,00;2.290,00;2.301,00;2.225,00;5,03M;0,88%
11/07/2022;2.290,00;2.279,00;2.312,00;2.236,00;7,10M;-0,43%
12/07/2022;2.296,00;2.289,00;2.328,00;2.240,00;19,97M;0,26%
13/07/2022;2.267,00;2.190,00;2.309,00;2.190,00;5,51M;-1,26%
14/07/2022;2.130,00;2.248,00;2.248,00;2.106,00;8,27M;-6,04%
15/07/2022;2.098,00;2.149,00;2.150,00;2.085,00;5,83M;-1,50%
18/07/2022;2.125,00;2.114,00;2.151,00;2.094,00;4,64M;1,29%
19/07/2022;2.200,00;2.116,00;2.202,00;2.115,00;5,13M;3,53%
21/07/2022;2.131,00;2.180,00;2.189,00;2.100,00;7,41M;-3,14%
22/07/2022;2.060,00;2.141,00;2.149,00;2.060,00;4,51M;-3,33%
25/07/2022;2.177,00;2.090,00;2.177,00;2.080,00;2,82M;5,68%
26/07/2022;2.200,00;2.195,00;2.249,00;2.182,00;2,76M;1,06%
27/07/2022;2.280,00;2.207,00;2.280,00;2.153,00;4,07M;3,64%
28/07/2022;2.273,00;2.299,00;2.299,00;2.203,00;3,61M;-0,31%
29/07/2022;2.280,00;2.300,00;2.345,00;2.280,00;7,96M;0,31%
1/08/2022;2.250,00;2.250,00;2.271,00;2.206,00;3,71M;-1,32%
2/08/2022;2.300,00;2.285,00;2.323,00;2.272,00;14,76M;2,22%
3/08/2022;2.295,00;2.304,00;2.304,00;2.246,00;9,80M;-0,22%
4/08/2022;2.203,00;2.300,00;2.320,00;2.163,00;12,30M;-4,01%
5/08/2022;2.250,00;2.213,00;2.250,00;2.200,00;4,97M;2,13%
8/08/2022;2.315,00;2.203,00;2.328,00;2.203,00;5,05M;2,89%
9/08/2022;2.335,00;2.315,00;2.355,00;2.315,00;6,25M;0,86%
10/08/2022;2.320,00;2.321,00;2.333,00;2.292,00;4,25M;-0,64%
11/08/2022;2.340,00;2.324,00;2.349,00;2.323,00;3,43M;0,86%
12/08/2022;2.348,00;2.325,00;2.348,00;2.291,00;3,48M;0,34%
16/08/2022;2.251,00;2.297,00;2.311,00;2.250,00;14,90M;-4,13%
17/08/2022;2.270,00;2.244,00;2.294,00;2.244,00;4,79M;0,84%
18/08/2022;2.323,00;2.295,00;2.337,00;2.291,00;13,50M;2,33%
19/08/2022;2.267,00;2.291,00;2.322,00;2.267,00;2,99M;-2,41%
22/08/2022;2.298,00;2.250,00;2.304,00;2.245,00;3,76M;1,37%
23/08/2022;2.410,00;2.299,00;2.425,00;2.299,00;13,88M;4,87%
24/08/2022;2.460,00;2.430,00;2.473,00;2.397,00;6,36M;2,07%
25/08/2022;2.460,00;2.480,00;2.480,00;2.420,00;4,67M;0,00%
26/08/2022;2.418,00;2.440,00;2.440,00;2.380,00;9,27M;-1,71%
29/08/2022;2.472,00;2.407,00;2.485,00;2.407,00;9,16M;2,23%
30/08/2022;2.384,00;2.456,00;2.456,00;2.355,00;9,90M;-3,56%
31/08/2022;2.257,00;2.350,00;2.362,00;2.257,00;23,85M;-5,33%
1/09/2022;2.210,00;2.250,00;2.257,00;2.180,00;7,26M;-2,08%
2/09/2022;2.298,00;2.244,00;2.305,00;2.217,00;5,00M;3,98%
5/09/2022;2.334,00;2.306,00;2.360,00;2.306,00;1,09M;1,57%
6/09/2022;2.336,00;2.350,00;2.370,00;2.320,00;2,98M;0,09%
7/09/2022;2.273,00;2.284,00;2.320,00;2.250,00;4,05M;-2,70%
